Model,Epochs,Lambda,Proportion positive numerical tests,Proportion positive categorical tests,Proportion distances below threshold,Proportion positive numerical correlations,Proportion positive categorical correlations,Average DLA,Proportion positive numerical tests 2,Proportion positive categorical tests 2,Proportion distances below threshold 2,Proportion positive numerical correlations 2,Proportion positive categorical correlations 2,Average DLA 2,Proportion positive numerical tests 3,Proportion positive categorical tests 3,Proportion distances below threshold 3,Proportion positive numerical correlations 3,Proportion positive categorical correlations 3,Average DLA 3,URA Score,MRA Score,DLA Score,Overall Score
tabfairgan,50,0.2,0.1,0.028571429,0.953333333,0.46,0.281,0.786307,Good,Good,Excellent,Good,Poor,Good,2,2,3,2,1,2,2.31,1.5,2,1.924
tabfairgan,50,0.4,0.193333333,0.057142857,0.96,0.43,0.349,0.7922725,Good,Good,Excellent,Good,Poor,Good,2,2,3,2,1,2,2.31,1.5,2,1.924
tabfairgan,50,0.6,0.146666667,0.014285714,0.946666667,0.51,0.329,0.788526,Good,Good,Excellent,Good,Poor,Good,2,2,3,2,1,2,2.31,1.5,2,1.924
tabfairgan,50,0.8,0.193333333,0.042857143,0.953333333,0.42,0.273,0.7725545,Good,Good,Excellent,Good,Poor,Good,2,2,3,2,1,2,2.31,1.5,2,1.924
tabfairgan,50,1.0,0.22,0.057142857,0.966666667,0.43,0.328,0.7769445,Good,Good,Excellent,Good,Poor,Good,2,2,3,2,1,2,2.31,1.5,2,1.924
tabfairgan,50,1.5,0.22,0.014285714,0.966666667,0.38,0.324,0.7861385,Good,Good,Excellent,Poor,Poor,Good,2,2,3,1,1,2,2.31,1.0,2,1.724
tabfairgan,50,2.0,0.133333333,0.042857143,0.973333333,0.44,0.286,0.773009,Good,Good,Excellent,Good,Poor,Good,2,2,3,2,1,2,2.31,1.5,2,1.924
tabfairgan,50,5.0,0.193333333,0.071428571,0.98,0.37,0.276,0.7783865,Good,Good,Excellent,Poor,Poor,Good,2,2,3,1,1,2,2.31,1.0,2,1.724
tabfairgan,100,0.2,0.16,0.0,0.92,0.44,0.372,0.7924825,Good,Poor,Excellent,Good,Poor,Good,2,1,3,2,1,2,1.98,1.5,2,1.792
tabfairgan,100,0.4,0.253333333,0.057142857,0.92,0.37,0.367,0.774667,Good,Good,Excellent,Poor,Poor,Good,2,2,3,1,1,2,2.31,1.0,2,1.724
tabfairgan,100,0.6,0.213333333,0.028571429,0.933333333,0.33,0.39,0.775193,Good,Good,Excellent,Poor,Poor,Good,2,2,3,1,1,2,2.31,1.0,2,1.724
tabfairgan,100,0.8,0.246666667,0.057142857,0.946666667,0.35,0.35,0.780383,Good,Good,Excellent,Poor,Poor,Good,2,2,3,1,1,2,2.31,1.0,2,1.724
tabfairgan,100,1.0,0.206666667,0.071428571,0.906666667,0.4,0.263,0.791282,Good,Good,Excellent,Good,Poor,Good,2,2,3,2,1,2,2.31,1.5,2,1.924
tabfairgan,100,1.5,0.206666667,0.042857143,0.933333333,0.38,0.362,0.784557,Good,Good,Excellent,Poor,Poor,Good,2,2,3,1,1,2,2.31,1.0,2,1.724
tabfairgan,100,2.0,0.253333333,0.028571429,0.913333333,0.44,0.316,0.7856955,Good,Good,Excellent,Good,Poor,Good,2,2,3,2,1,2,2.31,1.5,2,1.924
tabfairgan,100,5.0,0.213333333,0.114285714,0.926666667,0.43,0.334,0.785673,Good,Good,Excellent,Good,Poor,Good,2,2,3,2,1,2,2.31,1.5,2,1.924
tabfairgan,150,0.2,0.213333333,0.042857143,0.94,0.39,0.524,0.7879535,Good,Good,Excellent,Poor,Good,Good,2,2,3,1,2,2,2.31,1.5,2,1.924
tabfairgan,150,0.4,0.233333333,0.042857143,0.926666667,0.4,0.38,0.7840455,Good,Good,Excellent,Good,Poor,Good,2,2,3,2,1,2,2.31,1.5,2,1.924
tabfairgan,150,0.6,0.206666667,0.028571429,0.94,0.41,0.524,0.7707745,Good,Good,Excellent,Good,Good,Good,2,2,3,2,2,2,2.31,2.0,2,2.124
tabfairgan,150,0.8,0.253333333,0.071428571,0.94,0.47,0.448,0.7784365,Good,Good,Excellent,Good,Good,Good,2,2,3,2,2,2,2.31,2.0,2,2.124
tabfairgan,150,1.0,0.273333333,0.071428571,0.933333333,0.44,0.443,0.764516,Good,Good,Excellent,Good,Good,Good,2,2,3,2,2,2,2.31,2.0,2,2.124
tabfairgan,150,1.5,0.2,0.042857143,0.926666667,0.38,0.48,0.77067,Good,Good,Excellent,Poor,Good,Good,2,2,3,1,2,2,2.31,1.5,2,1.924
tabfairgan,150,2.0,0.206666667,0.057142857,0.92,0.45,0.504,0.7800655,Good,Good,Excellent,Good,Good,Good,2,2,3,2,2,2,2.31,2.0,2,2.124
tabfairgan,150,5.0,0.246666667,0.042857143,0.933333333,0.51,0.428,0.78179,Good,Good,Excellent,Good,Good,Good,2,2,3,2,2,2,2.31,2.0,2,2.124
tabfairgan,200,0.2,0.333333333,0.028571429,0.96,0.49,0.624,0.7367895,Good,Good,Excellent,Good,Excellent,Good,2,2,3,2,3,2,2.31,2.5,2,2.324
tabfairgan,200,0.4,0.313333333,0.1,0.946666667,0.47,0.49,0.7303855,Good,Good,Excellent,Good,Good,Good,2,2,3,2,2,2,2.31,2.0,2,2.124
tabfairgan,200,0.6,0.273333333,0.028571429,0.933333333,0.5,0.533,0.746449,Good,Good,Excellent,Good,Good,Good,2,2,3,2,2,2,2.31,2.0,2,2.124
tabfairgan,200,0.8,0.28,0.085714286,0.946666667,0.44,0.501,0.738899,Good,Good,Excellent,Good,Good,Good,2,2,3,2,2,2,2.31,2.0,2,2.124
tabfairgan,200,1.0,0.346666667,0.014285714,0.953333333,0.57,0.566,0.74984,Good,Good,Excellent,Good,Good,Good,2,2,3,2,2,2,2.31,2.0,2,2.124
tabfairgan,200,1.5,0.26,0.028571429,0.933333333,0.54,0.524,0.7366015,Good,Good,Excellent,Good,Good,Good,2,2,3,2,2,2,2.31,2.0,2,2.124
tabfairgan,200,2.0,0.28,0.028571429,0.96,0.47,0.591,0.7345955,Good,Good,Excellent,Good,Good,Good,2,2,3,2,2,2,2.31,2.0,2,2.124
tabfairgan,200,5.0,0.36,0.085714286,0.94,0.45,0.529,0.74818,Good,Good,Excellent,Good,Good,Good,2,2,3,2,2,2,2.31,2.0,2,2.124
tabfairgan,250,0.2,0.366666667,0.042857143,0.96,0.41,0.619,0.722221,Good,Good,Excellent,Good,Excellent,Good,2,2,3,2,3,2,2.31,2.5,2,2.324
tabfairgan,250,0.4,0.386666667,0.042857143,0.966666667,0.65,0.561,0.713968,Good,Good,Excellent,Excellent,Good,Good,2,2,3,3,2,2,2.31,2.5,2,2.324
tabfairgan,250,0.6,0.326666667,0.057142857,0.953333333,0.5,0.584,0.7297595,Good,Good,Excellent,Good,Good,Good,2,2,3,2,2,2,2.31,2.0,2,2.124
tabfairgan,250,0.8,0.366666667,0.057142857,0.953333333,0.43,0.59,0.725951,Good,Good,Excellent,Good,Good,Good,2,2,3,2,2,2,2.31,2.0,2,2.124
tabfairgan,250,1.0,0.373333333,0.028571429,0.953333333,0.59,0.571,0.729093,Good,Good,Excellent,Good,Good,Good,2,2,3,2,2,2,2.31,2.0,2,2.124
tabfairgan,250,1.5,0.366666667,0.071428571,0.946666667,0.4,0.608,0.736269,Good,Good,Excellent,Good,Excellent,Good,2,2,3,2,3,2,2.31,2.5,2,2.324
tabfairgan,250,2.0,0.333333333,0.071428571,0.96,0.56,0.572,0.713503,Good,Good,Excellent,Good,Good,Good,2,2,3,2,2,2,2.31,2.0,2,2.124
tabfairgan,250,5.0,0.353333333,0.042857143,0.973333333,0.46,0.566,0.7263,Good,Good,Excellent,Good,Good,Good,2,2,3,2,2,2,2.31,2.0,2,2.124
tabfairgan,300,0.2,0.353333333,0.014285714,0.96,0.5,0.694,0.729702,Good,Good,Excellent,Good,Excellent,Good,2,2,3,2,3,2,2.31,2.5,2,2.324
tabfairgan,300,0.4,0.393333333,0.042857143,0.96,0.47,0.71,0.7206495,Good,Good,Excellent,Good,Excellent,Good,2,2,3,2,3,2,2.31,2.5,2,2.324
tabfairgan,300,0.6,0.36,0.057142857,0.946666667,0.53,0.724,0.7246675,Good,Good,Excellent,Good,Excellent,Good,2,2,3,2,3,2,2.31,2.5,2,2.324
tabfairgan,300,0.8,0.326666667,0.028571429,0.946666667,0.51,0.695,0.730352,Good,Good,Excellent,Good,Excellent,Good,2,2,3,2,3,2,2.31,2.5,2,2.324
tabfairgan,300,1.0,0.32,0.057142857,0.96,0.41,0.675,0.734481,Good,Good,Excellent,Good,Excellent,Good,2,2,3,2,3,2,2.31,2.5,2,2.324
tabfairgan,300,1.5,0.386666667,0.057142857,0.966666667,0.42,0.685,0.7204815,Good,Good,Excellent,Good,Excellent,Good,2,2,3,2,3,2,2.31,2.5,2,2.324
tabfairgan,300,2.0,0.433333333,0.028571429,0.966666667,0.45,0.627,0.711822,Good,Good,Excellent,Good,Excellent,Good,2,2,3,2,3,2,2.31,2.5,2,2.324
tabfairgan,300,5.0,0.34,0.014285714,0.953333333,0.52,0.623,0.7249125,Good,Good,Excellent,Good,Excellent,Good,2,2,3,2,3,2,2.31,2.5,2,2.324
distcorrgan,50,0.2,0.14,0.028571429,0.96,0.38,0.311,0.790603,Good,Good,Excellent,Poor,Poor,Good,2,2,3,1,1,2,2.31,1.0,2,1.724
distcorrgan,50,0.4,0.16,0.057142857,0.98,0.52,0.339,0.80822,Good,Good,Excellent,Good,Poor,Poor,2,2,3,2,1,1,2.31,1.5,1,1.724
distcorrgan,50,0.6,0.213333333,0.028571429,0.98,0.39,0.247,0.798861,Good,Good,Excellent,Poor,Poor,Good,2,2,3,1,1,2,2.31,1.0,2,1.724
distcorrgan,50,0.8,0.16,0.042857143,0.98,0.46,0.353,0.838733,Good,Good,Excellent,Good,Poor,Poor,2,2,3,2,1,1,2.31,1.5,1,1.724
distcorrgan,50,1.0,0.16,0.014285714,0.986666667,0.39,0.324,0.8224065,Good,Good,Excellent,Poor,Poor,Poor,2,2,3,1,1,1,2.31,1.0,1,1.524
distcorrgan,50,1.5,0.16,0.014285714,0.966666667,0.43,0.287,0.8094515,Good,Good,Excellent,Good,Poor,Poor,2,2,3,2,1,1,2.31,1.5,1,1.724
distcorrgan,50,2.0,0.193333333,0.014285714,0.973333333,0.42,0.273,0.807467,Good,Good,Excellent,Good,Poor,Poor,2,2,3,2,1,1,2.31,1.5,1,1.724
distcorrgan,50,5.0,0.186666667,0.057142857,0.986666667,0.44,0.357,0.817332,Good,Good,Excellent,Good,Poor,Poor,2,2,3,2,1,1,2.31,1.5,1,1.724
distcorrgan,100,0.2,0.346666667,0.057142857,0.993333333,0.36,0.3,0.7657215,Good,Good,Excellent,Poor,Poor,Good,2,2,3,1,1,2,2.31,1.0,2,1.724
distcorrgan,100,0.4,0.4,0.042857143,0.966666667,0.37,0.297,0.7750565,Good,Good,Excellent,Poor,Poor,Good,2,2,3,1,1,2,2.31,1.0,2,1.724
distcorrgan,100,0.6,0.38,0.071428571,0.986666667,0.38,0.31,0.7837395,Good,Good,Excellent,Poor,Poor,Good,2,2,3,1,1,2,2.31,1.0,2,1.724
distcorrgan,100,0.8,0.333333333,0.042857143,0.98,0.35,0.264,0.778838,Good,Good,Excellent,Poor,Poor,Good,2,2,3,1,1,2,2.31,1.0,2,1.724
distcorrgan,100,1.0,0.346666667,0.071428571,0.966666667,0.28,0.291,0.795004,Good,Good,Excellent,Poor,Poor,Good,2,2,3,1,1,2,2.31,1.0,2,1.724
distcorrgan,100,1.5,0.353333333,0.028571429,0.973333333,0.39,0.258,0.7916415,Good,Good,Excellent,Poor,Poor,Good,2,2,3,1,1,2,2.31,1.0,2,1.724
distcorrgan,100,2.0,0.326666667,0.057142857,0.94,0.37,0.353,0.7890455,Good,Good,Excellent,Poor,Poor,Good,2,2,3,1,1,2,2.31,1.0,2,1.724
distcorrgan,100,5.0,0.32,0.028571429,0.953333333,0.38,0.319,0.7925335,Good,Good,Excellent,Poor,Poor,Good,2,2,3,1,1,2,2.31,1.0,2,1.724
distcorrgan,150,0.2,0.333333333,0.114285714,0.96,0.43,0.283,0.790815,Good,Good,Excellent,Good,Poor,Good,2,2,3,2,1,2,2.31,1.5,2,1.924
distcorrgan,150,0.4,0.426666667,0.028571429,1.0,0.5,0.3,0.757601,Good,Good,Excellent,Good,Poor,Good,2,2,3,2,1,2,2.31,1.5,2,1.924
distcorrgan,150,0.6,0.466666667,0.014285714,0.986666667,0.38,0.344,0.763143,Good,Good,Excellent,Poor,Poor,Good,2,2,3,1,1,2,2.31,1.0,2,1.724
distcorrgan,150,0.8,0.426666667,0.1,0.973333333,0.43,0.338,0.773789,Good,Good,Excellent,Good,Poor,Good,2,2,3,2,1,2,2.31,1.5,2,1.924
distcorrgan,150,1.0,0.46,0.057142857,0.98,0.44,0.275,0.7725325,Good,Good,Excellent,Good,Poor,Good,2,2,3,2,1,2,2.31,1.5,2,1.924
distcorrgan,150,1.5,0.406666667,0.057142857,0.98,0.43,0.305,0.771566,Good,Good,Excellent,Good,Poor,Good,2,2,3,2,1,2,2.31,1.5,2,1.924
distcorrgan,150,2.0,0.426666667,0.028571429,0.986666667,0.54,0.292,0.7686495,Good,Good,Excellent,Good,Poor,Good,2,2,3,2,1,2,2.31,1.5,2,1.924
distcorrgan,150,5.0,0.426666667,0.085714286,0.98,0.39,0.306,0.7807825,Good,Good,Excellent,Poor,Poor,Good,2,2,3,1,1,2,2.31,1.0,2,1.724
distcorrgan,200,0.2,0.346666667,0.042857143,0.953333333,0.47,0.195,0.7462305,Good,Good,Excellent,Good,Poor,Good,2,2,3,2,1,2,2.31,1.5,2,1.924
distcorrgan,200,0.4,0.393333333,0.057142857,0.96,0.43,0.318,0.741035,Good,Good,Excellent,Good,Poor,Good,2,2,3,2,1,2,2.31,1.5,2,1.924
distcorrgan,200,0.6,0.38,0.042857143,0.993333333,0.52,0.319,0.7407945,Good,Good,Excellent,Good,Poor,Good,2,2,3,2,1,2,2.31,1.5,2,1.924
distcorrgan,200,0.8,0.393333333,0.042857143,0.966666667,0.49,0.278,0.744899,Good,Good,Excellent,Good,Poor,Good,2,2,3,2,1,2,2.31,1.5,2,1.924
distcorrgan,200,1.0,0.366666667,0.057142857,1.0,0.45,0.314,0.754834,Good,Good,Excellent,Good,Poor,Good,2,2,3,2,1,2,2.31,1.5,2,1.924
distcorrgan,200,1.5,0.426666667,0.057142857,1.0,0.42,0.338,0.752852,Good,Good,Excellent,Good,Poor,Good,2,2,3,2,1,2,2.31,1.5,2,1.924
distcorrgan,200,2.0,0.4,0.057142857,0.98,0.36,0.343,0.759336,Good,Good,Excellent,Poor,Poor,Good,2,2,3,1,1,2,2.31,1.0,2,1.724
distcorrgan,200,5.0,0.4,0.028571429,1.0,0.5,0.278,0.7607145,Good,Good,Excellent,Good,Poor,Good,2,2,3,2,1,2,2.31,1.5,2,1.924
distcorrgan,250,0.2,0.32,0.057142857,0.966666667,0.6,0.334,0.735638,Good,Good,Excellent,Good,Poor,Good,2,2,3,2,1,2,2.31,1.5,2,1.924
distcorrgan,250,0.4,0.346666667,0.042857143,0.953333333,0.5,0.335,0.734843,Good,Good,Excellent,Good,Poor,Good,2,2,3,2,1,2,2.31,1.5,2,1.924
distcorrgan,250,0.6,0.386666667,0.057142857,0.96,0.52,0.372,0.737479,Good,Good,Excellent,Good,Poor,Good,2,2,3,2,1,2,2.31,1.5,2,1.924
distcorrgan,250,0.8,0.393333333,0.071428571,0.973333333,0.57,0.314,0.728716,Good,Good,Excellent,Good,Poor,Good,2,2,3,2,1,2,2.31,1.5,2,1.924
distcorrgan,250,1.0,0.406666667,0.057142857,0.986666667,0.54,0.299,0.7346835,Good,Good,Excellent,Good,Poor,Good,2,2,3,2,1,2,2.31,1.5,2,1.924
distcorrgan,250,1.5,0.366666667,0.057142857,0.98,0.53,0.306,0.738804,Good,Good,Excellent,Good,Poor,Good,2,2,3,2,1,2,2.31,1.5,2,1.924
distcorrgan,250,2.0,0.42,0.057142857,1.0,0.52,0.333,0.741994,Good,Good,Excellent,Good,Poor,Good,2,2,3,2,1,2,2.31,1.5,2,1.924
distcorrgan,250,5.0,0.426666667,0.0,0.986666667,0.52,0.272,0.749532,Good,Poor,Excellent,Good,Poor,Good,2,1,3,2,1,2,1.98,1.5,2,1.792
distcorrgan,300,0.2,0.306666667,0.042857143,0.953333333,0.64,0.383,0.7253225,Good,Good,Excellent,Excellent,Poor,Good,2,2,3,3,1,2,2.31,2.0,2,2.124
distcorrgan,300,0.4,0.3,0.057142857,0.953333333,0.7,0.386,0.7205555,Good,Good,Excellent,Excellent,Poor,Good,2,2,3,3,1,2,2.31,2.0,2,2.124
distcorrgan,300,0.6,0.373333333,0.028571429,0.966666667,0.52,0.314,0.730894,Good,Good,Excellent,Good,Poor,Good,2,2,3,2,1,2,2.31,1.5,2,1.924
distcorrgan,300,0.8,0.406666667,0.057142857,0.986666667,0.65,0.273,0.7287725,Good,Good,Excellent,Excellent,Poor,Good,2,2,3,3,1,2,2.31,2.0,2,2.124
distcorrgan,300,1.0,0.4,0.0,0.98,0.63,0.287,0.7301685,Good,Poor,Excellent,Excellent,Poor,Good,2,1,3,3,1,2,1.98,2.0,2,1.992
distcorrgan,300,1.5,0.433333333,0.057142857,0.986666667,0.56,0.281,0.717064,Good,Good,Excellent,Good,Poor,Good,2,2,3,2,1,2,2.31,1.5,2,1.924
distcorrgan,300,2.0,0.453333333,0.057142857,0.973333333,0.53,0.283,0.7365405,Good,Good,Excellent,Good,Poor,Good,2,2,3,2,1,2,2.31,1.5,2,1.924
distcorrgan,300,5.0,0.393333333,0.057142857,0.986666667,0.62,0.316,0.7357615,Good,Good,Excellent,Excellent,Poor,Good,2,2,3,3,1,2,2.31,2.0,2,2.124
multifairgan,50,0.2,0.013333333,0.042857143,0.966666667,0.4,0.343,0.7853335,Good,Good,Excellent,Good,Poor,Good,2,2,3,2,1,2,2.31,1.5,2,1.924
multifairgan,50,0.4,0.086666667,0.042857143,0.973333333,0.4,0.325,0.7989665,Good,Good,Excellent,Good,Poor,Good,2,2,3,2,1,2,2.31,1.5,2,1.924
multifairgan,50,0.6,0.08,0.028571429,0.96,0.36,0.263,0.8020685,Good,Good,Excellent,Poor,Poor,Poor,2,2,3,1,1,1,2.31,1.0,1,1.524
multifairgan,50,0.8,0.04,0.042857143,0.98,0.4,0.32,0.7810385,Good,Good,Excellent,Good,Poor,Good,2,2,3,2,1,2,2.31,1.5,2,1.924
multifairgan,50,1.0,0.013333333,0.028571429,0.96,0.38,0.359,0.819493,Good,Good,Excellent,Poor,Poor,Poor,2,2,3,1,1,1,2.31,1.0,1,1.524
multifairgan,50,1.5,0.013333333,0.071428571,0.96,0.39,0.259,0.796325,Good,Good,Excellent,Poor,Poor,Good,2,2,3,1,1,2,2.31,1.0,2,1.724
multifairgan,50,2.0,0.013333333,0.028571429,0.966666667,0.4,0.343,0.798977,Good,Good,Excellent,Good,Poor,Good,2,2,3,2,1,2,2.31,1.5,2,1.924
multifairgan,50,5.0,0.06,0.042857143,0.966666667,0.37,0.319,0.785789,Good,Good,Excellent,Poor,Poor,Good,2,2,3,1,1,2,2.31,1.0,2,1.724
multifairgan,100,0.2,0.04,0.028571429,0.96,0.43,0.343,0.7923905,Good,Good,Excellent,Good,Poor,Good,2,2,3,2,1,2,2.31,1.5,2,1.924
multifairgan,100,0.4,0.06,0.014285714,0.953333333,0.41,0.33,0.801853,Good,Good,Excellent,Good,Poor,Poor,2,2,3,2,1,1,2.31,1.5,1,1.724
multifairgan,100,0.6,0.053333333,0.028571429,0.96,0.39,0.349,0.787244,Good,Good,Excellent,Poor,Poor,Good,2,2,3,1,1,2,2.31,1.0,2,1.724
multifairgan,100,0.8,0.053333333,0.1,0.966666667,0.4,0.304,0.7781305,Good,Good,Excellent,Good,Poor,Good,2,2,3,2,1,2,2.31,1.5,2,1.924
multifairgan,100,1.0,0.013333333,0.014285714,0.986666667,0.39,0.396,0.784135,Good,Good,Excellent,Poor,Poor,Good,2,2,3,1,1,2,2.31,1.0,2,1.724
multifairgan,100,1.5,0.073333333,0.0,0.973333333,0.38,0.339,0.8035735,Good,Poor,Excellent,Poor,Poor,Poor,2,1,3,1,1,1,1.98,1.0,1,1.392
multifairgan,100,2.0,0.033333333,0.042857143,0.953333333,0.44,0.359,0.795264,Good,Good,Excellent,Good,Poor,Good,2,2,3,2,1,2,2.31,1.5,2,1.924
multifairgan,100,5.0,0.06,0.028571429,0.953333333,0.4,0.319,0.78162,Good,Good,Excellent,Good,Poor,Good,2,2,3,2,1,2,2.31,1.5,2,1.924
multifairgan,150,0.2,0.06,0.014285714,0.966666667,0.36,0.304,0.784858,Good,Good,Excellent,Poor,Poor,Good,2,2,3,1,1,2,2.31,1.0,2,1.724
multifairgan,150,0.4,0.053333333,0.028571429,0.953333333,0.41,0.319,0.7693885,Good,Good,Excellent,Good,Poor,Good,2,2,3,2,1,2,2.31,1.5,2,1.924
multifairgan,150,0.6,0.06,0.028571429,0.973333333,0.42,0.344,0.781783,Good,Good,Excellent,Good,Poor,Good,2,2,3,2,1,2,2.31,1.5,2,1.924
multifairgan,150,0.8,0.053333333,0.057142857,0.966666667,0.41,0.362,0.791177,Good,Good,Excellent,Good,Poor,Good,2,2,3,2,1,2,2.31,1.5,2,1.924
multifairgan,150,1.0,0.026666667,0.042857143,0.94,0.4,0.315,0.79564,Good,Good,Excellent,Good,Poor,Good,2,2,3,2,1,2,2.31,1.5,2,1.924
multifairgan,150,1.5,0.053333333,0.085714286,0.953333333,0.41,0.387,0.768353,Good,Good,Excellent,Good,Poor,Good,2,2,3,2,1,2,2.31,1.5,2,1.924
multifairgan,150,2.0,0.026666667,0.042857143,0.966666667,0.38,0.351,0.797389,Good,Good,Excellent,Poor,Poor,Good,2,2,3,1,1,2,2.31,1.0,2,1.724
multifairgan,150,5.0,0.06,0.0,0.946666667,0.38,0.313,0.780682,Good,Poor,Excellent,Poor,Poor,Good,2,1,3,1,1,2,1.98,1.0,2,1.592
multifairgan,200,0.2,0.073333333,0.057142857,0.973333333,0.4,0.396,0.785349,Good,Good,Excellent,Good,Poor,Good,2,2,3,2,1,2,2.31,1.5,2,1.924
multifairgan,200,0.4,0.093333333,0.057142857,0.953333333,0.43,0.359,0.7658525,Good,Good,Excellent,Good,Poor,Good,2,2,3,2,1,2,2.31,1.5,2,1.924
multifairgan,200,0.6,0.053333333,0.042857143,0.953333333,0.41,0.309,0.7800885,Good,Good,Excellent,Good,Poor,Good,2,2,3,2,1,2,2.31,1.5,2,1.924
multifairgan,200,0.8,0.073333333,0.071428571,0.966666667,0.41,0.354,0.7835985,Good,Good,Excellent,Good,Poor,Good,2,2,3,2,1,2,2.31,1.5,2,1.924
multifairgan,200,1.0,0.033333333,0.028571429,0.96,0.42,0.29,0.768513,Good,Good,Excellent,Good,Poor,Good,2,2,3,2,1,2,2.31,1.5,2,1.924
multifairgan,200,1.5,0.073333333,0.042857143,0.953333333,0.42,0.287,0.7658155,Good,Good,Excellent,Good,Poor,Good,2,2,3,2,1,2,2.31,1.5,2,1.924
multifairgan,200,2.0,0.066666667,0.057142857,0.946666667,0.39,0.32,0.7827545,Good,Good,Excellent,Poor,Poor,Good,2,2,3,1,1,2,2.31,1.0,2,1.724
multifairgan,200,5.0,0.026666667,0.071428571,0.933333333,0.4,0.309,0.76812,Good,Good,Excellent,Good,Poor,Good,2,2,3,2,1,2,2.31,1.5,2,1.924
multifairgan,250,0.2,0.08,0.042857143,0.966666667,0.41,0.325,0.7904075,Good,Good,Excellent,Good,Poor,Good,2,2,3,2,1,2,2.31,1.5,2,1.924
multifairgan,250,0.4,0.1,0.057142857,0.953333333,0.41,0.297,0.7654695,Good,Good,Excellent,Good,Poor,Good,2,2,3,2,1,2,2.31,1.5,2,1.924
multifairgan,250,0.6,0.093333333,0.057142857,0.986666667,0.44,0.35,0.7669635,Good,Good,Excellent,Good,Poor,Good,2,2,3,2,1,2,2.31,1.5,2,1.924
multifairgan,250,0.8,0.073333333,0.0,0.96,0.39,0.332,0.766469,Good,Poor,Excellent,Poor,Poor,Good,2,1,3,1,1,2,1.98,1.0,2,1.592
multifairgan,250,1.0,0.086666667,0.028571429,0.966666667,0.43,0.317,0.7779155,Good,Good,Excellent,Good,Poor,Good,2,2,3,2,1,2,2.31,1.5,2,1.924
multifairgan,250,1.5,0.046666667,0.057142857,0.966666667,0.39,0.306,0.768209,Good,Good,Excellent,Poor,Poor,Good,2,2,3,1,1,2,2.31,1.0,2,1.724
multifairgan,250,2.0,0.006666667,0.085714286,0.966666667,0.4,0.316,0.7582565,Good,Good,Excellent,Good,Poor,Good,2,2,3,2,1,2,2.31,1.5,2,1.924
multifairgan,250,5.0,0.073333333,0.057142857,0.946666667,0.46,0.357,0.765527,Good,Good,Excellent,Good,Poor,Good,2,2,3,2,1,2,2.31,1.5,2,1.924
multifairgan,300,0.2,0.073333333,0.014285714,0.973333333,0.43,0.329,0.7571035,Good,Good,Excellent,Good,Poor,Good,2,2,3,2,1,2,2.31,1.5,2,1.924
multifairgan,300,0.4,0.086666667,0.042857143,0.96,0.43,0.344,0.765338,Good,Good,Excellent,Good,Poor,Good,2,2,3,2,1,2,2.31,1.5,2,1.924
multifairgan,300,0.6,0.08,0.042857143,0.96,0.42,0.33,0.752206,Good,Good,Excellent,Good,Poor,Good,2,2,3,2,1,2,2.31,1.5,2,1.924
multifairgan,300,0.8,0.04,0.071428571,0.953333333,0.37,0.311,0.7525935,Good,Good,Excellent,Poor,Poor,Good,2,2,3,1,1,2,2.31,1.0,2,1.724
multifairgan,300,1.0,0.08,0.042857143,0.953333333,0.38,0.31,0.768808,Good,Good,Excellent,Poor,Poor,Good,2,2,3,1,1,2,2.31,1.0,2,1.724
multifairgan,300,1.5,0.053333333,0.028571429,0.946666667,0.44,0.287,0.7483545,Good,Good,Excellent,Good,Poor,Good,2,2,3,2,1,2,2.31,1.5,2,1.924
multifairgan,300,2.0,0.053333333,0.085714286,0.946666667,0.43,0.367,0.7665195,Good,Good,Excellent,Good,Poor,Good,2,2,3,2,1,2,2.31,1.5,2,1.924
multifairgan,300,5.0,0.106666667,0.028571429,0.96,0.4,0.316,0.748526,Good,Good,Excellent,Good,Poor,Good,2,2,3,2,1,2,2.31,1.5,2,1.924
tvae,200,,0.246666667,0.071428571,0.933333333,0.33,0.795,0.8060865,Good,Good,Excellent,Poor,Excellent,Poor,2,2,3,1,3,1,2.31,2.0,1,1.924
tvae,250,,0.173333333,0.057142857,0.933333333,0.41,0.767,0.800901,Good,Good,Excellent,Good,Excellent,Poor,2,2,3,2,3,1,2.31,2.5,1,2.124
tvae,300,,0.153333333,0.071428571,0.933333333,0.38,0.8,0.779869,Good,Good,Excellent,Poor,Excellent,Good,2,2,3,1,3,2,2.31,2.0,2,2.124
ctgan,50,,0.173333333,0.057142857,1.0,0.44,0.41,0.73989,Good,Good,Excellent,Good,Good,Good,2,2,3,2,2,2,2.31,2.0,2,2.124
ctgan,100,,0.133333333,0.028571429,0.986666667,0.45,0.287,0.7123115,Good,Good,Excellent,Good,Poor,Good,2,2,3,2,1,2,2.31,1.5,2,1.924
ctgan,150,,0.26,0.042857143,1.0,0.38,0.304,0.719505,Good,Good,Excellent,Poor,Poor,Good,2,2,3,1,1,2,2.31,1.0,2,1.724
ctgan,200,,0.213333333,0.0,1.0,0.41,0.328,0.717108,Good,Poor,Excellent,Good,Poor,Good,2,1,3,2,1,2,1.98,1.5,2,1.792
ctgan,250,,0.246666667,0.071428571,1.0,0.41,0.277,0.718357,Good,Good,Excellent,Good,Poor,Good,2,2,3,2,1,2,2.31,1.5,2,1.924
ctgan,300,,0.253333333,0.057142857,0.993333333,0.44,0.257,0.7144295,Good,Good,Excellent,Good,Poor,Good,2,2,3,2,1,2,2.31,1.5,2,1.924
