Model,Lambda,Epochs,Averaged AUC Difference,Averaged Balanced Accuracy Difference,Average Balanced Accuracy Ratio,Averaged Disparate Impact Ratio,Average Equal Odds Difference,Average Equal Odds Ratio,Average Positive Predictive Parity Difference,Average Positive Predictive Parity Ratio,Average Statistical Parity Difference
tabfairgan,50,0.2,-0.02144,-0.02159,0.98085,1.05628,0.03625,1.19318,-0.05709,0.89645,0.03006
tabfairgan,50,0.4,0.05449,0.05539,1.12081,0.91778,-0.10163,0.84146,0.06525,1.1245,-0.04755
tabfairgan,50,0.6,-0.01411,-0.01411,0.97548,0.97826,-0.02126,0.974,-0.05782,0.90492,-0.0148
tabfairgan,50,0.8,-0.01586,-0.01586,0.96834,1.07272,0.0693,1.16798,-0.02722,0.94722,0.03715
tabfairgan,50,1.0,-0.04135,-0.04135,0.91448,0.95749,-0.01475,0.96003,-0.13669,0.77496,-0.02069
tabfairgan,50,1.5,-0.02732,-0.03068,0.94636,0.89614,-0.11171,0.82692,-0.07013,0.89276,-0.06505
tabfairgan,50,2.0,-0.06385,-0.04692,0.90482,0.82861,-0.12541,0.78737,0.02159,1.03914,-0.09802
tabfairgan,50,5.0,0.0744,0.0744,1.16163,0.97445,-0.07805,0.96237,0.07308,1.13863,-0.02216
tabfairgan,100,0.2,-0.03707,-0.03664,0.93678,0.94195,-0.04663,0.99136,-0.03936,0.96653,-0.03913
tabfairgan,100,0.4,0.03656,0.03483,1.06944,0.83157,-0.0837,0.74184,-0.06429,0.91504,-0.09997
tabfairgan,100,0.6,-0.05101,-0.05214,0.91978,0.84409,-0.0863,0.90025,-0.10419,0.8629,-0.09436
tabfairgan,100,0.8,-0.01352,-0.01352,0.98079,0.95134,-0.01772,1.00723,-0.07836,0.88477,-0.03876
tabfairgan,100,1.0,-0.00216,0.00023,1.00938,1.04311,0.05163,1.12722,-0.03459,0.9548,0.01693
tabfairgan,100,1.5,-0.02462,-0.02462,0.96348,0.89476,-0.09823,0.95759,-0.0614,0.91402,-0.06212
tabfairgan,100,2.0,-0.0195,-0.0204,0.96878,0.87359,-0.11331,0.82657,-0.07847,0.88111,-0.07655
tabfairgan,100,5.0,-0.03027,-0.0321,0.94291,0.91533,-0.05972,0.9769,-0.1051,0.83799,-0.0599
tabfairgan,150,0.2,-0.0241,-0.02344,0.97051,0.68803,-0.2153,0.73342,-0.21076,0.71113,-0.19612
tabfairgan,150,0.4,-0.05096,-0.05157,0.93174,0.7935,-0.14881,0.81344,-0.21533,0.70802,-0.13265
tabfairgan,150,0.6,-0.05983,-0.05983,0.91419,0.71817,-0.24417,0.762,-0.18668,0.75014,-0.17928
tabfairgan,150,0.8,0.00506,0.00506,1.01267,0.72869,-0.18779,0.71851,-0.17078,0.76858,-0.17866
tabfairgan,150,1.0,0.03516,0.03407,1.065,0.85398,-0.12764,0.74661,-0.11058,0.85,-0.09923
tabfairgan,150,1.5,-0.06444,-0.06444,0.90555,0.78044,-0.15549,0.86803,-0.20967,0.70696,-0.14661
tabfairgan,150,2.0,-0.02854,-0.02854,0.95503,0.72399,-0.20258,0.63929,-0.11447,0.83246,-0.15688
tabfairgan,150,5.0,-0.08261,-0.08261,0.87342,0.71013,-0.18056,0.75356,-0.19368,0.74286,-0.18746
tabfairgan,200,0.2,-0.03587,-0.03587,0.95191,0.52027,-0.2053,0.64793,-0.2696,0.65981,-0.31062
tabfairgan,200,0.4,-0.02456,-0.02456,0.96861,0.44193,-0.32086,0.3999,-0.24033,0.69495,-0.35387
tabfairgan,200,0.6,-0.16283,-0.07052,0.90074,0.48578,-0.36249,0.48722,-0.42271,0.47671,-0.32783
tabfairgan,200,0.8,0.01162,0.01162,1.01312,0.42933,-0.31892,0.41457,-0.28254,0.62324,-0.35707
tabfairgan,200,1.0,-0.0595,-0.05916,0.90899,0.3964,-0.39932,0.32779,-0.29406,0.61009,-0.38968
tabfairgan,200,1.5,-0.07213,-0.07213,0.90009,0.45428,-0.35649,0.45942,-0.31887,0.59328,-0.35225
tabfairgan,200,2.0,-0.00454,-0.00454,1.00056,0.48736,-0.25933,0.51011,-0.22284,0.72122,-0.33211
tabfairgan,200,5.0,-5e-05,-5e-05,1.00597,0.4093,-0.28953,0.44449,-0.27098,0.65534,-0.37843
tabfairgan,250,0.2,-0.01521,-0.01521,0.98025,0.44058,-0.17259,0.60194,-0.35876,0.57731,-0.36103
tabfairgan,250,0.4,-0.106,-0.106,0.85456,0.34557,-0.39218,0.43755,-0.4096,0.49566,-0.4168
tabfairgan,250,0.6,-0.0648,-0.0648,0.91815,0.38278,-0.35118,0.58208,-0.45818,0.43865,-0.40945
tabfairgan,250,0.8,-0.08755,-0.08755,0.87937,0.31632,-0.38095,0.35072,-0.42631,0.46725,-0.42713
tabfairgan,250,1.0,-0.00416,-0.00416,0.99572,0.37184,-0.26432,0.4419,-0.38966,0.52362,-0.41147
tabfairgan,250,1.5,-0.0692,-0.0692,0.90892,0.37198,-0.34314,0.45467,-0.39333,0.52164,-0.40273
tabfairgan,250,2.0,-0.11931,-0.11931,0.84483,0.37353,-0.42545,0.37994,-0.42186,0.49483,-0.41163
tabfairgan,250,5.0,-0.06825,-0.06825,0.90773,0.42202,-0.30965,0.42949,-0.32071,0.61526,-0.37001
tabfairgan,300,0.2,-0.03079,-0.03079,0.96519,0.49666,-0.22219,0.54038,-0.21706,0.73783,-0.31758
tabfairgan,300,0.4,-0.13018,-0.13018,0.83265,0.4715,-0.31167,0.62187,-0.40821,0.51475,-0.3257
tabfairgan,300,0.6,-0.10606,-0.10606,0.86432,0.42193,-0.30181,0.51166,-0.36147,0.58466,-0.355
tabfairgan,300,0.8,-0.03793,-0.03793,0.9505,0.46883,-0.23656,0.57105,-0.3381,0.59126,-0.35181
tabfairgan,300,1.0,-0.03597,-0.03597,0.95086,0.50387,-0.23825,0.5543,-0.28683,0.65986,-0.32981
tabfairgan,300,1.5,-0.0943,-0.0943,0.87735,0.38299,-0.32802,0.44365,-0.46769,0.4645,-0.38658
tabfairgan,300,2.0,0.01238,0.01238,1.01861,0.45418,-0.17503,0.50941,-0.28165,0.65589,-0.35696
tabfairgan,300,5.0,-0.05414,-0.05414,0.93136,0.41585,-0.22213,0.73952,-0.40745,0.53324,-0.39266
distcorrgan,50,0.2,-0.05984,-0.05984,0.89287,1.02733,0.03435,1.153,-0.01095,0.99098,-0.00133
distcorrgan,50,0.4,0.01345,0.01345,1.02901,0.93147,-0.04012,0.89125,0.01252,1.01651,-0.03382
distcorrgan,50,0.6,-0.00828,-0.00828,0.99643,1.02112,0.02007,1.08604,0.00094,1.01484,0.00415
distcorrgan,50,0.8,0.01339,0.01339,1.03416,1.02615,-0.0043,1.0463,-0.03263,0.95881,-7e-05
distcorrgan,50,1.0,0.01493,0.01493,1.03918,1.07046,0.0567,1.15311,0.03277,1.10053,0.03153
distcorrgan,50,1.5,-0.02683,-0.02683,0.95606,1.07,0.05547,1.17213,-0.0327,0.9675,0.02521
distcorrgan,50,2.0,0.01344,0.01344,1.03232,1.09397,0.06842,1.21484,-0.00264,1.02287,0.04532
distcorrgan,50,5.0,0.01553,0.01553,1.05278,1.06195,0.02488,1.12497,0.01668,1.06611,0.02154
distcorrgan,100,0.2,0.01879,0.01879,1.05171,1.0198,-0.00334,1.02925,0.03742,1.08763,0.00757
distcorrgan,100,0.4,0.00594,0.00594,1.01579,0.97456,-0.03617,0.93243,0.01507,1.04391,-0.01265
distcorrgan,100,0.6,0.01177,0.01177,1.02955,1.1043,0.0615,1.18638,0.05586,1.13572,0.04158
distcorrgan,100,0.8,0.03506,0.03506,1.09059,1.0923,0.06726,1.22483,0.06968,1.17994,0.03122
distcorrgan,100,1.0,-0.00484,-0.00484,0.99509,1.15586,0.09357,1.22362,0.02897,1.0636,0.06456
distcorrgan,100,1.5,-0.04057,-0.04057,0.92388,1.0559,0.06929,1.14794,-0.02425,0.95567,0.02792
distcorrgan,100,2.0,0.00395,0.00395,1.0198,1.03427,0.0308,1.12054,-0.0136,1.02168,0.01364
distcorrgan,100,5.0,-0.01762,-0.01762,0.97859,1.01639,-0.02062,0.99688,-0.01079,1.00915,0.00244
distcorrgan,150,0.2,-0.01904,-0.01978,0.96162,1.04902,0.03773,1.08789,-0.02976,0.95043,0.01867
distcorrgan,150,0.4,0.02037,0.02037,1.04049,0.9253,-0.07306,0.86763,-0.00707,0.98689,-0.04237
distcorrgan,150,0.6,-0.03317,-0.03317,0.93673,1.04638,0.05146,1.14012,-0.01046,0.97847,0.01808
distcorrgan,150,0.8,-0.02975,-0.02975,0.9453,1.01194,0.03134,1.07942,-0.019,0.98,0.00014
distcorrgan,150,1.0,0.02248,0.02248,1.04434,1.11788,0.07503,1.16889,0.01474,1.02615,0.05199
distcorrgan,150,1.5,0.02317,0.02317,1.05338,0.89753,-0.07694,0.87452,0.00468,1.02366,-0.05703
distcorrgan,150,2.0,0.01616,0.01616,1.04853,0.97606,-0.05041,0.94674,0.03633,1.09881,-0.01944
distcorrgan,150,5.0,0.03619,0.03619,1.09918,1.06059,0.03829,1.15116,0.00765,1.04232,0.0165
distcorrgan,200,0.2,0.0427,0.04258,1.09376,0.98282,-0.01901,1.05609,0.01922,1.0422,-0.01733
distcorrgan,200,0.4,0.02306,0.02306,1.05236,1.00322,0.0307,1.07041,-0.01523,0.99559,0.00105
distcorrgan,200,0.6,0.01915,0.01915,1.03896,0.93872,-0.03749,0.94183,-0.02429,0.9642,-0.03551
distcorrgan,200,0.8,-0.00865,-0.00865,0.98849,1.08926,0.0461,1.14432,-0.03115,0.94213,0.03423
distcorrgan,200,1.0,-0.02584,-0.02584,0.95623,1.12632,0.04173,1.1533,-0.05686,0.91783,0.04905
distcorrgan,200,1.5,0.01146,0.01146,1.03196,1.04164,0.00929,1.05482,0.02771,1.07062,0.01597
distcorrgan,200,2.0,0.03878,0.03878,1.08656,1.08292,0.06168,1.17865,0.01272,1.06138,0.03508
distcorrgan,200,5.0,-0.01599,-0.01599,0.9709,0.9529,-0.05473,0.92406,-0.04201,0.92616,-0.0346
distcorrgan,250,0.2,-0.02051,-0.02051,0.96262,1.0225,0.01355,1.04031,0.01458,1.03142,0.00914
distcorrgan,250,0.4,-0.03184,-0.03184,0.9472,1.06171,0.10385,1.20579,-0.05814,0.91095,0.03176
distcorrgan,250,0.6,-0.00798,-0.00798,0.99186,1.01095,0.00279,1.01761,-0.0342,0.95176,0.0037
distcorrgan,250,0.8,-0.00069,-0.00069,1.00733,1.02896,0.04341,1.10531,-0.0259,0.96223,0.01328
distcorrgan,250,1.0,0.01294,0.01294,1.03723,1.01917,-0.01002,1.03237,0.00894,1.04077,0.00624
distcorrgan,250,1.5,0.0082,0.0082,1.02261,1.00259,-0.00529,0.99049,-0.01317,0.97784,-7e-05
distcorrgan,250,2.0,-0.00287,-0.00287,0.99904,1.1025,0.02525,1.14333,0.00382,1.0185,0.02663
distcorrgan,250,5.0,-0.00769,-0.00769,0.99049,1.07326,0.04599,1.10768,0.01165,1.04876,0.03724
distcorrgan,300,0.2,-0.01518,-0.01518,0.98359,0.99416,-0.01234,1.00957,-0.00221,1.00577,-0.00542
distcorrgan,300,0.4,-0.04552,-0.04552,0.91775,0.90271,-0.11279,0.83222,-0.08796,0.85122,-0.06012
distcorrgan,300,0.6,0.03649,0.03649,1.09304,1.00083,-0.04714,0.96002,0.06069,1.14394,-0.00278
distcorrgan,300,0.8,-0.04079,-0.04079,0.93358,0.98878,0.03216,1.09854,-0.07625,0.89782,-0.01048
distcorrgan,300,1.0,-0.01219,-0.01219,0.98677,1.02498,0.04665,1.12118,0.0244,1.05316,0.00951
distcorrgan,300,1.5,0.01882,0.01882,1.04728,1.04251,0.01781,1.04928,0.06375,1.15461,0.02042
distcorrgan,300,2.0,0.00241,0.00241,1.01169,0.98435,-0.03331,0.95894,0.02341,1.04946,-0.01113
distcorrgan,300,5.0,-0.00436,-0.00436,1.00019,1.03219,0.01845,1.06455,0.01256,1.03604,0.0118
multifairgan,50,0.2,-0.02188,-0.02188,0.95801,0.8877,-0.07708,0.87317,-0.03237,0.97053,-0.06823
multifairgan,50,0.4,-0.00531,-0.00531,0.99816,0.99876,-0.01937,0.99384,0.0106,1.02787,-0.00352
multifairgan,50,0.6,-0.01385,-0.01385,0.97656,0.93568,-0.06361,0.89598,-0.01338,0.95558,-0.03418
multifairgan,50,0.8,0.02861,0.02861,1.06864,1.05836,0.04214,1.20655,0.00924,1.04554,0.01256
multifairgan,50,1.0,-0.01558,-0.01558,0.97791,1.10475,0.01038,1.18208,-0.00365,1.02262,0.0225
multifairgan,50,1.5,0.0436,0.0436,1.09062,0.99879,-0.03645,0.9654,0.07957,1.16373,-0.00169
multifairgan,50,2.0,0.00106,0.00106,1.00701,1.03222,-0.00132,1.03118,-0.02391,0.96061,0.00887
multifairgan,50,5.0,-0.0304,-0.0304,0.94555,0.95039,-0.08158,0.84662,-0.01775,0.95098,-0.02815
multifairgan,100,0.2,-0.03957,-0.03957,0.93027,0.8831,-0.08284,0.84447,-0.04633,0.88089,-0.05058
multifairgan,100,0.4,0.00575,0.00575,1.01533,0.99304,0.00229,1.06808,0.01142,1.09849,-0.00757
multifairgan,100,0.6,0.02693,0.02693,1.05957,1.08237,0.03002,1.18604,-0.00325,1.07645,0.01986
multifairgan,100,0.8,0.00316,0.00316,1.01118,0.96579,-0.01672,0.97363,-0.0103,0.98087,-0.01689
multifairgan,100,1.0,0.01023,0.01023,1.03229,0.97082,-0.03536,1.00368,-0.03052,0.9411,-0.0133
multifairgan,100,1.5,-0.00815,-0.00815,0.99023,1.05508,0.0618,1.18035,0.02047,1.11764,0.02556
multifairgan,100,2.0,0.0175,0.0175,1.0354,1.05659,0.01916,1.1178,0.02234,1.07914,0.01114
multifairgan,100,5.0,-0.00328,-0.00328,0.99205,1.04703,0.05882,1.12749,0.00403,1.03939,0.01877
multifairgan,150,0.2,0.06302,0.06302,1.13257,0.96195,-0.07638,0.89493,0.05588,1.11521,-0.01685
multifairgan,150,0.4,0.01499,0.01499,1.02934,0.95038,-0.05059,0.9222,0.03424,1.09658,-0.03423
multifairgan,150,0.6,-0.02991,-0.02991,0.94119,0.95674,-0.052,0.93786,0.01589,1.01913,-0.04156
multifairgan,150,0.8,-0.03162,-0.03162,0.94201,1.03746,0.02673,1.03993,-0.00715,1.00873,0.0156
multifairgan,150,1.0,0.00801,0.00801,1.02084,1.05435,0.03361,1.10133,-0.00724,0.94235,0.02634
multifairgan,150,1.5,-0.01215,-0.01215,0.979,0.9707,-0.01097,0.96629,-0.01455,0.97017,-0.01828
multifairgan,150,2.0,-0.06604,-0.06604,0.87382,1.11485,0.08551,1.1939,-0.05322,0.92732,0.04317
multifairgan,150,5.0,-0.04556,-0.04556,0.92081,1.10291,0.06751,1.18104,-0.05988,0.91685,0.0405
multifairgan,200,0.2,-0.00962,-0.00962,0.98693,1.05271,0.06408,1.17742,0.01639,1.10285,0.02219
multifairgan,200,0.4,0.02412,0.02412,1.05845,1.11693,0.12627,1.33173,-0.01483,0.99245,0.04966
multifairgan,200,0.6,-0.0259,-0.0259,0.94862,1.02366,0.01695,1.0616,-0.05847,0.87886,-0.00432
multifairgan,200,0.8,0.0156,0.0156,1.0375,1.10632,0.0382,1.09351,-0.01954,0.95057,0.05017
multifairgan,200,1.0,-0.0035,-0.0035,1.00129,1.05916,0.02051,1.13347,-0.01742,0.96491,0.00865
multifairgan,200,1.5,-0.01799,-0.01799,0.96636,1.03305,0.02495,1.03262,-0.01371,0.98392,0.01584
multifairgan,200,2.0,-0.05092,-0.05092,0.89933,1.02475,0.03071,1.05124,-0.04578,0.8639,0.01345
multifairgan,200,5.0,-0.04342,-0.04342,0.92138,1.09802,0.0922,1.2459,-0.02235,1.01429,0.04304
multifairgan,250,0.2,0.00418,0.00418,1.01661,1.04545,0.04379,1.13759,-0.01159,1.00552,0.01601
multifairgan,250,0.4,-0.00779,-0.00779,0.98649,1.06167,0.04039,1.12254,-0.02444,0.98216,0.01407
multifairgan,250,0.6,0.04246,0.04246,1.10144,1.0756,0.12397,1.5255,0.06667,1.35994,0.02488
multifairgan,250,0.8,-0.0002,-0.0002,0.99794,1.03453,0.02304,1.04537,0.03007,1.03819,0.01596
multifairgan,250,1.0,-0.00961,-0.00961,0.99521,1.08184,0.0147,1.17384,0.00256,1.03382,0.01478
multifairgan,250,1.5,0.02246,0.02246,1.05564,0.99826,0.05377,1.0985,0.01787,1.03623,0.00263
multifairgan,250,2.0,-0.01356,-0.01356,0.98291,1.08864,0.05883,1.21045,-0.04448,0.93928,0.03991
multifairgan,250,5.0,-0.03693,-0.03693,0.92948,0.96313,0.02432,1.01416,-0.0367,0.94288,-0.00917
multifairgan,300,0.2,0.01345,0.01345,1.03734,1.0236,-0.00923,1.09527,0.00527,0.99484,0.00575
multifairgan,300,0.4,0.03122,0.03122,1.07176,1.02573,0.02505,1.05852,0.04311,1.09525,0.00297
multifairgan,300,0.6,0.00774,0.00774,1.01887,1.01508,0.03524,1.09344,-0.0177,0.99628,0.00523
multifairgan,300,0.8,0.00571,0.00571,1.01553,1.03893,-0.00703,1.03653,-0.00723,0.97438,0.00456
multifairgan,300,1.0,-0.00518,-0.00518,0.99503,0.99626,-0.01692,0.99243,0.03112,1.08249,-0.00529
multifairgan,300,1.5,0.01429,0.01429,1.0386,0.93754,-0.08569,0.95415,-0.00422,0.98938,-0.03042
multifairgan,300,2.0,-0.00891,-0.00891,0.99197,1.09975,0.08449,1.28976,-0.04333,0.92618,0.03075
multifairgan,300,5.0,0.00624,0.00624,1.01686,1.02622,0.00892,1.0453,-0.01066,0.99098,0.00322
tvae,200,,-0.93704,0.06296,1.06753,0.0,-0.9419,0.0,-0.95016,0.0,-0.57419
tvae,250,,-0.94585,0.05415,1.05756,0.0,-0.94836,0.0,-0.95771,0.0,-0.57207
tvae,300,,-0.93619,0.05715,1.06134,0.01162,-0.93694,0.0,-0.95649,0.0,-0.57729
ctgan,50,,0.01382,0.01382,1.03474,0.98899,-0.00376,1.00715,-0.01476,0.98875,-0.00642
ctgan,100,,0.0588,0.0588,1.1164,1.05771,0.06549,1.13404,-0.00446,0.99516,0.02456
ctgan,150,,-0.02747,-0.02747,0.95485,1.06544,0.04734,1.11027,-0.01601,0.97687,0.0322
ctgan,200,,0.01793,0.01793,1.04884,1.04806,0.04456,1.15554,0.08156,1.20438,0.01586
ctgan,250,,0.03869,0.03869,1.08722,1.252,0.13227,1.32761,0.08439,1.17383,0.1176
ctgan,300,,-0.02395,-0.02395,0.96055,1.02052,-0.00563,1.02039,-0.06468,0.93974,0.00216
