Model	Epochs	Lambda	Numerical tests	Categorical tests	Distances 	Numerical correlations 	Categorical correlations	Average Precision	Average Recall 	Average Accuracy 	Average F1
tabfairgan	50	0.2	0.090909091	0.025974026	0.866666667	0.418181818	0.255454545	0.716501818	0.714638182	0.714774545	0.713383636
tabfairgan	50	0.4	0.175757576	0.051948052	0.872727273	0.390909091	0.317272727	0.721421818	0.720012727	0.720207273	0.719349091
tabfairgan	50	0.6	0.133333333	0.012987013	0.860606061	0.463636364	0.299090909	0.71868	0.716485455	0.716652727	0.715549091
tabfairgan	50	0.8	0.175757576	0.038961039	0.866666667	0.381818182	0.248181818	0.704001818	0.702003636	0.702174545	0.701109091
tabfairgan	50	1	0.2	0.051948052	0.878787879	0.390909091	0.298181818	0.708209091	0.706016364	0.706274545	0.704752727
tabfairgan	50	1.5	0.2	0.012987013	0.878787879	0.345454545	0.294545455	0.716732727	0.714296364	0.714625455	0.713030909
tabfairgan	50	2	0.121212121	0.038961039	0.884848485	0.4	0.26	0.704752727	0.702507273	0.702716364	0.700965455
tabfairgan	50	5	0.175757576	0.064935065	0.890909091	0.336363636	0.250909091	0.709230909	0.707425455	0.707605455	0.706234545
tabfairgan	100	0.2	0.145454545	0	0.836363636	0.4	0.338181818	0.724016364	0.719667273	0.719474545	0.718596364
tabfairgan	100	0.4	0.23030303	0.051948052	0.836363636	0.336363636	0.333636364	0.708156364	0.703463636	0.70336	0.701990909
tabfairgan	100	0.6	0.193939394	0.025974026	0.848484848	0.3	0.354545455	0.708152727	0.704094545	0.703907273	0.702729091
tabfairgan	100	0.8	0.224242424	0.051948052	0.860606061	0.318181818	0.318181818	0.712625455	0.708794545	0.708745455	0.707590909
tabfairgan	100	1	0.187878788	0.064935065	0.824242424	0.363636364	0.239090909	0.722001818	0.719074545	0.718974545	0.717338182
tabfairgan	100	1.5	0.187878788	0.038961039	0.848484848	0.345454545	0.329090909	0.716096364	0.712634545	0.712449091	0.711754545
tabfairgan	100	2	0.23030303	0.025974026	0.83030303	0.4	0.287272727	0.717005455	0.713792727	0.713683636	0.712592727
tabfairgan	100	5	0.193939394	0.103896104	0.842424242	0.390909091	0.303636364	0.718078182	0.713430909	0.713387273	0.712096364
tabfairgan	150	0.2	0.193939394	0.038961039	0.854545455	0.354545455	0.476363636	0.721152727	0.715585455	0.71526	0.713287273
tabfairgan	150	0.4	0.212121212	0.038961039	0.842424242	0.363636364	0.345454545	0.716927273	0.711949091	0.711705455	0.710492727
tabfairgan	150	0.6	0.187878788	0.025974026	0.854545455	0.372727273	0.476363636	0.705443636	0.699690909	0.699361818	0.69832
tabfairgan	150	0.8	0.23030303	0.064935065	0.854545455	0.427272727	0.407272727	0.712081818	0.70676	0.706570909	0.705265455
tabfairgan	150	1	0.248484848	0.064935065	0.848484848	0.4	0.402727273	0.699118182	0.694209091	0.694063636	0.692667273
tabfairgan	150	1.5	0.181818182	0.038961039	0.842424242	0.345454545	0.436363636	0.705270909	0.6997	0.699409091	0.698056364
tabfairgan	150	2	0.187878788	0.051948052	0.836363636	0.409090909	0.458181818	0.713447273	0.708187273	0.70806	0.706907273
tabfairgan	150	5	0.224242424	0.038961039	0.848484848	0.463636364	0.389090909	0.714949091	0.709874545	0.709685455	0.708363636
tabfairgan	200	0.2	0.303030303	0.025974026	0.872727273	0.445454545	0.567272727	0.673585455	0.669263636	0.669270909	0.667114545
tabfairgan	200	0.4	0.284848485	0.090909091	0.860606061	0.427272727	0.445454545	0.667356364	0.663501818	0.663238182	0.661850909
tabfairgan	200	0.6	0.248484848	0.025974026	0.848484848	0.454545455	0.484545455	0.681425455	0.678365455	0.678318182	0.676250909
tabfairgan	200	0.8	0.254545455	0.077922078	0.860606061	0.4	0.455454545	0.675212727	0.67108	0.670807273	0.669805455
tabfairgan	200	1	0.315151515	0.012987013	0.866666667	0.518181818	0.514545455	0.684856364	0.681183636	0.681130909	0.67952
tabfairgan	200	1.5	0.236363636	0.025974026	0.848484848	0.490909091	0.476363636	0.673350909	0.66902	0.668829091	0.667350909
tabfairgan	200	2	0.254545455	0.025974026	0.872727273	0.427272727	0.537272727	0.671954545	0.667250909	0.6671	0.664950909
tabfairgan	200	5	0.327272727	0.077922078	0.854545455	0.409090909	0.480909091	0.683769091	0.679509091	0.679205455	0.678170909
tabfairgan	250	0.2	0.333333333	0.038961039	0.872727273	0.372727273	0.562727273	0.659018182	0.656296364	0.656276364	0.654667273
tabfairgan	250	0.4	0.351515152	0.038961039	0.878787879	0.590909091	0.51	0.651143636	0.648912727	0.648910909	0.64728
tabfairgan	250	0.6	0.296969697	0.051948052	0.866666667	0.454545455	0.530909091	0.666481818	0.663067273	0.662841818	0.66128
tabfairgan	250	0.8	0.333333333	0.051948052	0.866666667	0.390909091	0.536363636	0.663429091	0.659498182	0.65934	0.657554545
tabfairgan	250	1	0.339393939	0.025974026	0.866666667	0.536363636	0.519090909	0.664581818	0.662674545	0.662650909	0.66134
tabfairgan	250	1.5	0.333333333	0.064935065	0.860606061	0.363636364	0.552727273	0.672516364	0.668832727	0.668870909	0.667121818
tabfairgan	250	2	0.303030303	0.064935065	0.872727273	0.509090909	0.52	0.650429091	0.648501818	0.648325455	0.6473
tabfairgan	250	5	0.321212121	0.038961039	0.884848485	0.418181818	0.514545455	0.662414545	0.660085455	0.660083636	0.658507273
tabfairgan	300	0.2	0.321212121	0.012987013	0.872727273	0.454545455	0.630909091	0.666189091	0.663109091	0.662998182	0.661165455
tabfairgan	300	0.4	0.357575758	0.038961039	0.872727273	0.427272727	0.645454545	0.657229091	0.655001818	0.655090909	0.653221818
tabfairgan	300	0.6	0.327272727	0.051948052	0.860606061	0.481818182	0.658181818	0.662029091	0.658396364	0.658107273	0.656621818
tabfairgan	300	0.8	0.296969697	0.025974026	0.860606061	0.463636364	0.631818182	0.667392727	0.663683636	0.663741818	0.661007273
tabfairgan	300	1	0.290909091	0.051948052	0.872727273	0.372727273	0.613636364	0.67022	0.667349091	0.667441818	0.665829091
tabfairgan	300	1.5	0.351515152	0.051948052	0.878787879	0.381818182	0.622727273	0.657032727	0.654778182	0.654741818	0.65338
tabfairgan	300	2	0.393939394	0.025974026	0.878787879	0.409090909	0.57	0.649209091	0.646945455	0.646983636	0.645305455
tabfairgan	300	5	0.309090909	0.012987013	0.866666667	0.472727273	0.566363636	0.661685455	0.658663636	0.658843636	0.656852727
distcorrgan	50	0.2	0.127272727	0.025974026	0.872727273	0.345454545	0.282727273	0.722372727	0.718558182	0.718969091	0.71502
distcorrgan	50	0.4	0.145454545	0.051948052	0.890909091	0.472727273	0.308181818	0.737014545	0.734354545	0.734734545	0.732878182
distcorrgan	50	0.6	0.193939394	0.025974026	0.890909091	0.354545455	0.224545455	0.730032727	0.726083636	0.726683636	0.722149091
distcorrgan	50	0.8	0.145454545	0.038961039	0.890909091	0.418181818	0.320909091	0.765618182	0.762103636	0.762458182	0.759758182
distcorrgan	50	1	0.145454545	0.012987013	0.896969697	0.354545455	0.294545455	0.749849091	0.747183636	0.747487273	0.746049091
distcorrgan	50	1.5	0.145454545	0.012987013	0.878787879	0.390909091	0.260909091	0.738770909	0.735594545	0.73592	0.733174545
distcorrgan	50	2	0.175757576	0.012987013	0.884848485	0.381818182	0.248181818	0.737089091	0.733947273	0.73444	0.730767273
distcorrgan	50	5	0.16969697	0.051948052	0.896969697	0.4	0.324545455	0.74722	0.742510909	0.743036364	0.739349091
distcorrgan	100	0.2	0.315151515	0.051948052	0.903030303	0.327272727	0.272727273	0.697836364	0.696203636	0.696590909	0.693810909
distcorrgan	100	0.4	0.363636364	0.038961039	0.878787879	0.336363636	0.27	0.706401818	0.704630909	0.705092727	0.702261818
distcorrgan	100	0.6	0.345454545	0.064935065	0.896969697	0.345454545	0.281818182	0.716214545	0.712261818	0.712741818	0.708743636
distcorrgan	100	0.8	0.303030303	0.038961039	0.890909091	0.318181818	0.24	0.710230909	0.708043636	0.708589091	0.705274545
distcorrgan	100	1	0.315151515	0.064935065	0.878787879	0.254545455	0.264545455	0.726110909	0.722669091	0.723125455	0.719018182
distcorrgan	100	1.5	0.321212121	0.025974026	0.884848485	0.354545455	0.234545455	0.72212	0.719365455	0.719865455	0.717345455
distcorrgan	100	2	0.296969697	0.051948052	0.854545455	0.336363636	0.320909091	0.719703636	0.717461818	0.718034545	0.714056364
distcorrgan	100	5	0.290909091	0.025974026	0.866666667	0.345454545	0.29	0.725383636	0.719949091	0.720501818	0.716105455
distcorrgan	150	0.2	0.303030303	0.103896104	0.872727273	0.390909091	0.257272727	0.721	0.718689091	0.719074545	0.716927273
distcorrgan	150	0.4	0.387878788	0.025974026	0.909090909	0.454545455	0.272727273	0.690481818	0.688530909	0.688781818	0.687118182
distcorrgan	150	0.6	0.424242424	0.012987013	0.896969697	0.345454545	0.312727273	0.696390909	0.693838182	0.694316364	0.69052
distcorrgan	150	0.8	0.387878788	0.090909091	0.884848485	0.390909091	0.307272727	0.706447273	0.70306	0.703503636	0.700767273
distcorrgan	150	1	0.418181818	0.051948052	0.890909091	0.4	0.25	0.703981818	0.702325455	0.702767273	0.700134545
distcorrgan	150	1.5	0.36969697	0.051948052	0.890909091	0.390909091	0.277272727	0.703925455	0.701447273	0.702029091	0.698292727
distcorrgan	150	2	0.387878788	0.025974026	0.896969697	0.490909091	0.265454545	0.700781818	0.698752727	0.699214545	0.69634
distcorrgan	150	5	0.387878788	0.077922078	0.890909091	0.354545455	0.278181818	0.7121	0.709841818	0.710325455	0.706941818
distcorrgan	200	0.2	0.315151515	0.038961039	0.866666667	0.427272727	0.177272727	0.681390909	0.677863636	0.678070909	0.67624
distcorrgan	200	0.4	0.357575758	0.051948052	0.872727273	0.390909091	0.289090909	0.675461818	0.673523636	0.673761818	0.671925455
distcorrgan	200	0.6	0.345454545	0.038961039	0.903030303	0.472727273	0.29	0.676090909	0.673330909	0.673667273	0.670709091
distcorrgan	200	0.8	0.357575758	0.038961039	0.878787879	0.445454545	0.252727273	0.680996364	0.677058182	0.677372727	0.673296364
distcorrgan	200	1	0.333333333	0.051948052	0.909090909	0.409090909	0.285454545	0.687958182	0.686101818	0.686410909	0.68438
distcorrgan	200	1.5	0.387878788	0.051948052	0.909090909	0.381818182	0.307272727	0.686287273	0.684350909	0.684687273	0.682318182
distcorrgan	200	2	0.363636364	0.051948052	0.890909091	0.327272727	0.311818182	0.692027273	0.690561818	0.691061818	0.687570909
distcorrgan	200	5	0.363636364	0.025974026	0.909090909	0.454545455	0.252727273	0.693661818	0.691574545	0.691950909	0.689047273
distcorrgan	250	0.2	0.290909091	0.051948052	0.878787879	0.545454545	0.303636364	0.672309091	0.668	0.667985455	0.666752727
distcorrgan	250	0.4	0.315151515	0.038961039	0.866666667	0.454545455	0.304545455	0.670870909	0.667525455	0.667689091	0.666070909
distcorrgan	250	0.6	0.351515152	0.051948052	0.872727273	0.472727273	0.338181818	0.673303636	0.669970909	0.670205455	0.668261818
distcorrgan	250	0.8	0.357575758	0.064935065	0.884848485	0.518181818	0.285454545	0.666276364	0.661987273	0.662158182	0.659454545
distcorrgan	250	1	0.36969697	0.051948052	0.896969697	0.490909091	0.271818182	0.671001818	0.667534545	0.667732727	0.665307273
distcorrgan	250	1.5	0.333333333	0.051948052	0.890909091	0.481818182	0.278181818	0.674130909	0.671487273	0.671736364	0.669205455
distcorrgan	250	2	0.381818182	0.051948052	0.909090909	0.472727273	0.302727273	0.677223636	0.674376364	0.67466	0.6719
distcorrgan	250	5	0.387878788	0	0.896969697	0.472727273	0.247272727	0.683669091	0.681454545	0.681865455	0.678581818
distcorrgan	300	0.2	0.278787879	0.038961039	0.866666667	0.581818182	0.348181818	0.663278182	0.658667273	0.6587	0.656890909
distcorrgan	300	0.4	0.272727273	0.051948052	0.866666667	0.636363636	0.350909091	0.6591	0.654418182	0.654490909	0.652192727
distcorrgan	300	0.6	0.339393939	0.025974026	0.878787879	0.472727273	0.285454545	0.669056364	0.663763636	0.663932727	0.661043636
distcorrgan	300	0.8	0.36969697	0.051948052	0.896969697	0.590909091	0.248181818	0.665523636	0.662261818	0.662403636	0.659892727
distcorrgan	300	1	0.363636364	0	0.890909091	0.572727273	0.260909091	0.667507273	0.663236364	0.663434545	0.66098
distcorrgan	300	1.5	0.393939394	0.051948052	0.896969697	0.509090909	0.255454545	0.65522	0.651572727	0.65168	0.649032727
distcorrgan	300	2	0.412121212	0.051948052	0.884848485	0.481818182	0.257272727	0.672743636	0.669170909	0.669318182	0.667096364
distcorrgan	300	5	0.357575758	0.051948052	0.896969697	0.563636364	0.287272727	0.671350909	0.668465455	0.668525455	0.667154545
multifairgan	50	0.2	0.012121212	0.038961039	0.878787879	0.363636364	0.311818182	0.71728	0.713594545	0.713876364	0.711007273
multifairgan	50	0.4	0.078787879	0.038961039	0.884848485	0.363636364	0.295454545	0.729272727	0.725963636	0.726238182	0.723858182
multifairgan	50	0.6	0.072727273	0.025974026	0.872727273	0.327272727	0.239090909	0.732818182	0.728636364	0.729003636	0.726154545
multifairgan	50	0.8	0.036363636	0.038961039	0.890909091	0.363636364	0.290909091	0.712614545	0.709769091	0.710029091	0.707727273
multifairgan	50	1	0.012121212	0.025974026	0.872727273	0.345454545	0.326363636	0.748036364	0.744301818	0.744458182	0.743178182
multifairgan	50	1.5	0.012121212	0.064935065	0.872727273	0.354545455	0.235454545	0.72604	0.723563636	0.723774545	0.722349091
multifairgan	50	2	0.012121212	0.025974026	0.878787879	0.363636364	0.311818182	0.728683636	0.725932727	0.726138182	0.724616364
multifairgan	50	5	0.054545455	0.038961039	0.878787879	0.336363636	0.29	0.717381818	0.714005455	0.714330909	0.711696364
multifairgan	100	0.2	0.036363636	0.025974026	0.872727273	0.390909091	0.311818182	0.725192727	0.719485455	0.719812727	0.716929091
multifairgan	100	0.4	0.054545455	0.012987013	0.866666667	0.372727273	0.3	0.732690909	0.728545455	0.728854545	0.725738182
multifairgan	100	0.6	0.048484848	0.025974026	0.872727273	0.354545455	0.317272727	0.719054545	0.71526	0.715470909	0.71292
multifairgan	100	0.8	0.048484848	0.090909091	0.878787879	0.363636364	0.276363636	0.712372727	0.706889091	0.70702	0.703283636
multifairgan	100	1	0.012121212	0.012987013	0.896969697	0.354545455	0.36	0.718089091	0.712085455	0.712405455	0.70882
multifairgan	100	1.5	0.066666667	0	0.884848485	0.345454545	0.308181818	0.733794545	0.730170909	0.730434545	0.727685455
multifairgan	100	2	0.03030303	0.038961039	0.866666667	0.4	0.326363636	0.725865455	0.722574545	0.72282	0.720609091
multifairgan	100	5	0.054545455	0.025974026	0.866666667	0.363636364	0.29	0.715056364	0.710107273	0.710229091	0.706861818
multifairgan	150	0.2	0.054545455	0.012987013	0.878787879	0.327272727	0.276363636	0.717072727	0.712994545	0.713285455	0.710676364
multifairgan	150	0.4	0.048484848	0.025974026	0.866666667	0.372727273	0.29	0.704098182	0.698678182	0.699010909	0.695989091
multifairgan	150	0.6	0.054545455	0.025974026	0.884848485	0.381818182	0.312727273	0.714270909	0.710645455	0.710918182	0.707012727
multifairgan	150	0.8	0.048484848	0.051948052	0.878787879	0.372727273	0.329090909	0.722505455	0.718689091	0.71882	0.716992727
multifairgan	150	1	0.024242424	0.038961039	0.854545455	0.363636364	0.286363636	0.727070909	0.722610909	0.722674545	0.72088
multifairgan	150	1.5	0.048484848	0.077922078	0.866666667	0.372727273	0.351818182	0.70248	0.698036364	0.698323636	0.695170909
multifairgan	150	2	0.024242424	0.038961039	0.878787879	0.345454545	0.319090909	0.727214545	0.72466	0.724858182	0.722863636
multifairgan	150	5	0.054545455	0	0.860606061	0.345454545	0.284545455	0.713729091	0.709109091	0.709289091	0.706716364
multifairgan	200	0.2	0.066666667	0.051948052	0.884848485	0.363636364	0.36	0.719163636	0.713390909	0.713632727	0.709627273
multifairgan	200	0.4	0.084848485	0.051948052	0.866666667	0.390909091	0.326363636	0.700463636	0.6959	0.696141818	0.692412727
multifairgan	200	0.6	0.048484848	0.038961039	0.866666667	0.372727273	0.280909091	0.7132	0.708749091	0.709038182	0.705698182
multifairgan	200	0.8	0.066666667	0.064935065	0.878787879	0.372727273	0.321818182	0.718398182	0.711609091	0.712061818	0.70738
multifairgan	200	1	0.03030303	0.025974026	0.872727273	0.381818182	0.263636364	0.702916364	0.698185455	0.69846	0.695030909
multifairgan	200	1.5	0.066666667	0.038961039	0.866666667	0.381818182	0.260909091	0.700052727	0.695963636	0.696247273	0.69252
multifairgan	200	2	0.060606061	0.051948052	0.860606061	0.354545455	0.290909091	0.715063636	0.711327273	0.711561818	0.708427273
multifairgan	200	5	0.024242424	0.064935065	0.848484848	0.363636364	0.280909091	0.703154545	0.698218182	0.69852	0.693270909
multifairgan	250	0.2	0.072727273	0.038961039	0.878787879	0.372727273	0.295454545	0.722354545	0.717932727	0.718230909	0.715690909
multifairgan	250	0.4	0.090909091	0.051948052	0.866666667	0.372727273	0.27	0.699887273	0.695372727	0.69556	0.692705455
multifairgan	250	0.6	0.084848485	0.051948052	0.896969697	0.4	0.318181818	0.701738182	0.696661818	0.696789091	0.693769091
multifairgan	250	0.8	0.066666667	0	0.872727273	0.354545455	0.301818182	0.701463636	0.696025455	0.69624	0.693430909
multifairgan	250	1	0.078787879	0.025974026	0.878787879	0.390909091	0.288181818	0.712323636	0.706338182	0.70652	0.703601818
multifairgan	250	1.5	0.042424242	0.051948052	0.878787879	0.354545455	0.278181818	0.7038	0.697563636	0.697681818	0.694441818
multifairgan	250	2	0.006060606	0.077922078	0.878787879	0.363636364	0.287272727	0.693405455	0.688916364	0.689029091	0.685945455
multifairgan	250	5	0.066666667	0.051948052	0.860606061	0.418181818	0.324545455	0.699703636	0.695485455	0.695550909	0.692994545
multifairgan	300	0.2	0.066666667	0.012987013	0.884848485	0.390909091	0.299090909	0.693010909	0.687536364	0.687707273	0.684849091
multifairgan	300	0.4	0.078787879	0.038961039	0.872727273	0.390909091	0.312727273	0.7004	0.6953	0.695447273	0.6919
multifairgan	300	0.6	0.072727273	0.038961039	0.872727273	0.381818182	0.3	0.689707273	0.682978182	0.683052727	0.679556364
multifairgan	300	0.8	0.036363636	0.064935065	0.866666667	0.336363636	0.282727273	0.689572727	0.683447273	0.683589091	0.680094545
multifairgan	300	1	0.072727273	0.038961039	0.866666667	0.345454545	0.281818182	0.70386	0.698261818	0.698370909	0.695172727
multifairgan	300	1.5	0.048484848	0.025974026	0.860606061	0.4	0.260909091	0.684810909	0.680078182	0.680292727	0.676107273
multifairgan	300	2	0.048484848	0.077922078	0.860606061	0.390909091	0.333636364	0.700785455	0.696483636	0.696676364	0.693398182
multifairgan	300	5	0.096969697	0.025974026	0.872727273	0.363636364	0.287272727	0.685318182	0.679945455	0.680185455	0.676463636
tvae	200		0.224242424	0.064935065	0.848484848	0.3	0.722727273	0.739203636	0.730787273	0.731521818	0.729710909
tvae	250		0.157575758	0.051948052	0.848484848	0.372727273	0.697272727	0.735325455	0.725781818	0.72668	0.72458
tvae	300		0.139393939	0.064935065	0.848484848	0.345454545	0.727272727	0.715730909	0.706901818	0.707709091	0.705545455
ctgan	50		0.157575758	0.051948052	0.909090909	0.4	0.372727273	0.675949091	0.672236364	0.672436364	0.669887273
ctgan	100		0.121212121	0.025974026	0.896969697	0.409090909	0.260909091	0.654296364	0.646830909	0.647036364	0.64206
ctgan	150		0.236363636	0.038961039	0.909090909	0.345454545	0.276363636	0.661003636	0.653256364	0.653409091	0.648712727
ctgan	200		0.193939394	0	0.909090909	0.372727273	0.298181818	0.657554545	0.651363636	0.651481818	0.647265455
ctgan	250		0.224242424	0.064935065	0.909090909	0.372727273	0.251818182	0.65832	0.652581818	0.65282	0.648485455
ctgan	300		0.23030303	0.051948052	0.903030303	0.4	0.233636364	0.656092727	0.6487	0.648667273	0.644465455