Model,Epochs ,Lambda ,AUC Difference,Balanced Accuracy Difference,Balanced Accuracy Ratio,Disparate Impact Ratio,Equal Odds Difference,Equal Odds Ratio,Positive Predictive Parity Difference,Positive Predictive Parity Ratio,Statistical Parity Difference
tabfairgan,50,0.2,-0.00705,-0.00705,0.99159,0.91645,-0.07018,0.91214,-0.05716,0.93201,-0.06615
tabfairgan,50,0.4,-0.00145,-0.00145,1.00499,0.92823,-0.08715,0.92718,-0.07078,0.91479,-0.05603
tabfairgan,50,0.6,-0.03136,-0.03136,0.94774,0.88309,-0.07983,0.9166,-0.11046,0.86857,-0.0961
tabfairgan,50,0.8,0.00567,0.00546,1.01259,0.86213,-0.1133,0.83476,-0.11098,0.86856,-0.1074
tabfairgan,50,1.0,-0.01271,-0.01271,0.98133,0.84662,-0.12651,0.83492,-0.07999,0.90302,-0.1191
tabfairgan,50,1.5,0.00566,0.00566,1.01945,0.95948,-0.03537,0.97552,-0.06978,0.91455,-0.03279
tabfairgan,50,2.0,0.00881,0.00881,1.01855,0.85456,-0.12347,0.83131,-0.09596,0.88525,-0.11398
tabfairgan,50,5.0,-0.00321,-0.00321,0.99464,0.84569,-0.12993,0.82272,-0.10622,0.86996,-0.12339
tabfairgan,100,0.2,-0.00563,-0.00563,0.99607,0.80907,-0.12144,0.87198,-0.10241,0.88801,-0.15796
tabfairgan,100,0.4,0.05136,0.05136,1.07361,0.70744,-0.19936,0.58874,-0.11491,0.87268,-0.24252
tabfairgan,100,0.6,0.05411,0.05411,1.07807,0.73807,-0.216,0.60346,-0.08843,0.90027,-0.21809
tabfairgan,100,0.8,0.01117,0.01117,1.02464,0.70817,-0.20399,0.75647,-0.15163,0.83383,-0.24275
tabfairgan,100,1.0,0.00289,0.00289,1.00638,0.68303,-0.19115,0.66343,-0.12809,0.85903,-0.26353
tabfairgan,100,1.5,-0.0174,-0.0174,0.98019,0.66623,-0.19375,0.68917,-0.20146,0.78061,-0.27191
tabfairgan,100,2.0,0.01157,0.01157,1.01918,0.63805,-0.21205,0.63467,-0.19714,0.77891,-0.29271
tabfairgan,100,5.0,0.01269,0.01269,1.02217,0.63142,-0.22243,0.60282,-0.15476,0.82778,-0.30212
tabfairgan,150,0.2,0.03639,0.03639,1.04903,0.82019,-0.11514,0.71719,-0.03987,0.95684,-0.14542
tabfairgan,150,0.4,0.05256,0.05256,1.07423,0.77368,-0.15963,0.65892,-0.05769,0.93693,-0.18641
tabfairgan,150,0.6,0.06099,0.06099,1.08313,0.69308,-0.20052,0.52922,-0.06912,0.92531,-0.26115
tabfairgan,150,0.8,0.04708,0.04708,1.06412,0.72013,-0.18891,0.57704,-0.0803,0.91327,-0.23185
tabfairgan,150,1.0,0.03659,0.03659,1.04899,0.69943,-0.15327,0.61378,-0.08983,0.90324,-0.24814
tabfairgan,150,1.5,0.04607,0.04607,1.06346,0.67583,-0.20219,0.5332,-0.07774,0.91647,-0.27225
tabfairgan,150,2.0,0.0463,0.0463,1.06345,0.67835,-0.19715,0.56689,-0.09203,0.8998,-0.27101
tabfairgan,150,5.0,0.02313,0.02313,1.03511,0.6658,-0.17783,0.62091,-0.10736,0.88376,-0.27055
tabfairgan,200,0.2,0.03164,0.03164,1.04033,0.8507,-0.11659,0.69,-0.0224,0.97527,-0.12162
tabfairgan,200,0.4,0.02833,0.02833,1.03652,0.7699,-0.1144,0.68195,-0.0526,0.94335,-0.1865
tabfairgan,200,0.6,0.00529,0.00529,1.00923,0.77067,-0.07355,0.84237,-0.0714,0.92402,-0.18898
tabfairgan,200,0.8,0.02691,0.02691,1.03491,0.74558,-0.10989,0.72812,-0.06815,0.92753,-0.21019
tabfairgan,200,1.0,-0.00715,-0.00715,0.99561,0.76263,-0.0888,1.00795,-0.07685,0.91915,-0.19292
tabfairgan,200,1.5,0.02448,0.02448,1.03117,0.72212,-0.1315,0.6433,-0.06392,0.93209,-0.22978
tabfairgan,200,2.0,0.00906,0.00906,1.01245,0.7016,-0.1139,0.72649,-0.09779,0.89595,-0.24635
tabfairgan,200,5.0,0.01627,0.01627,1.02441,0.69845,-0.13356,0.74503,-0.09478,0.89834,-0.24781
tabfairgan,250,0.2,0.05632,0.05632,1.07195,0.83328,-0.11898,0.6634,-0.01862,0.98034,-0.13187
tabfairgan,250,0.4,0.03728,0.03728,1.04712,0.79798,-0.11348,0.66377,-0.03579,0.96172,-0.16669
tabfairgan,250,0.6,0.03417,0.03417,1.04471,0.75254,-0.15372,0.60951,-0.04881,0.94812,-0.20493
tabfairgan,250,0.8,-0.00172,-0.00172,0.99972,0.77259,-0.06617,0.90957,-0.07751,0.9182,-0.18327
tabfairgan,250,1.0,0.03783,0.03783,1.04955,0.73861,-0.14079,0.61262,-0.0474,0.95004,-0.2175
tabfairgan,250,1.5,0.03257,0.03257,1.0427,0.73454,-0.12193,0.68098,-0.06527,0.93002,-0.22038
tabfairgan,250,2.0,0.025,0.025,1.03365,0.71226,-0.11357,0.7057,-0.07297,0.9228,-0.23701
tabfairgan,250,5.0,0.04188,0.04188,1.05349,0.68795,-0.17111,0.52813,-0.05465,0.9413,-0.26256
tabfairgan,300,0.2,0.04468,0.04468,1.05694,0.83007,-0.12428,0.62826,-0.01652,0.98226,-0.13684
tabfairgan,300,0.4,0.05294,0.05294,1.06752,0.79319,-0.12587,0.60787,-0.0338,0.96353,-0.16787
tabfairgan,300,0.6,0.00522,0.00522,1.00828,0.77498,-0.09253,0.77309,-0.05447,0.94234,-0.18329
tabfairgan,300,0.8,0.04951,0.04951,1.06375,0.77617,-0.13591,0.63604,-0.03258,0.96572,-0.18522
tabfairgan,300,1.0,0.0267,0.0267,1.03459,0.75707,-0.12687,0.63918,-0.03687,0.96106,-0.1963
tabfairgan,300,1.5,0.02188,0.02188,1.0277,0.7749,-0.08609,0.73905,-0.05713,0.93932,-0.18575
tabfairgan,300,2.0,0.01462,0.01462,1.02002,0.77208,-0.09038,0.7834,-0.06172,0.93493,-0.18748
tabfairgan,300,5.0,0.03737,0.03737,1.04648,0.71956,-0.12702,0.58446,-0.05747,0.93853,-0.22983
distcorrgan,50,0.2,-0.00501,-0.00501,1.00149,1.023,0.05763,1.10811,0.01576,1.02894,0.01628
distcorrgan,50,0.4,0.0244,0.0244,1.05488,1.01314,0.00012,1.01616,0.03248,1.05925,0.00465
distcorrgan,50,0.6,-0.00139,-0.00139,1.00215,1.00472,0.00292,1.01302,0.01115,1.03007,0.00186
distcorrgan,50,0.8,-0.00972,-0.00972,0.98416,0.99936,0.00962,1.03804,-0.01438,0.98058,-0.0026
distcorrgan,50,1.0,0.0237,0.0237,1.04855,1.01172,0.00806,1.02168,0.03004,1.06392,0.00507
distcorrgan,50,1.5,-0.00716,-0.00716,0.98572,1.03116,0.00622,1.02505,-0.01669,0.96913,0.0113
distcorrgan,50,2.0,-0.00881,-0.00881,0.98689,1.03441,0.01087,1.05896,-0.02506,0.96012,0.01078
distcorrgan,50,5.0,0.02756,0.02756,1.05765,0.98625,-0.02548,0.99083,0.00131,1.00605,-0.01777
distcorrgan,100,0.2,0.02144,0.02144,1.05367,0.97056,-0.06387,0.95523,0.011,1.01447,-0.02375
distcorrgan,100,0.4,-0.01909,-0.01909,0.96305,1.04016,0.06262,1.09085,-0.0141,0.98353,0.02866
distcorrgan,100,0.6,0.01397,0.01397,1.03527,0.9974,-0.00869,0.99877,-0.0219,0.97242,-0.00314
distcorrgan,100,0.8,0.00465,0.00465,1.01616,1.0056,0.00556,1.05532,0.01176,1.02988,0.00308
distcorrgan,100,1.0,0.01679,0.01679,1.03502,0.99953,-0.02608,0.96705,0.02321,1.03852,-0.00199
distcorrgan,100,1.5,0.0023,0.0023,1.00634,0.99202,-0.00291,1.00222,-0.01444,0.9756,-0.00663
distcorrgan,100,2.0,-0.01817,-0.01817,0.96749,0.96389,-0.01837,0.97604,-0.01012,0.98846,-0.02214
distcorrgan,100,5.0,-0.00014,-0.00014,1.00245,1.00084,-0.0127,1.02147,0.00846,1.01662,-0.00075
distcorrgan,150,0.2,-0.01257,-0.01257,0.97903,1.02255,0.04199,1.06281,-0.0185,0.98194,0.01436
distcorrgan,150,0.4,0.01289,0.01289,1.03453,0.97942,-0.0551,0.93436,-0.01342,0.98477,-0.01614
distcorrgan,150,0.6,-0.00382,-0.00382,1.00036,0.99404,-9e-05,1.00942,-0.00614,0.99595,-0.00461
distcorrgan,150,0.8,-0.01554,-0.01554,0.97396,0.97924,0.00842,1.02373,-0.01779,0.97853,-0.01709
distcorrgan,150,1.0,-0.00531,-0.00531,0.99682,0.99561,0.00975,1.02737,-0.01025,0.98795,-0.0062
distcorrgan,150,1.5,-0.00599,-0.00599,0.99219,1.01416,0.02416,1.05267,0.00193,1.00643,0.0066
distcorrgan,150,2.0,-0.0127,-0.0127,0.98067,1.0387,0.04313,1.09679,-0.00126,0.99988,0.02085
distcorrgan,150,5.0,0.01101,0.01101,1.0239,1.05966,0.04222,1.08014,0.00111,1.01918,0.03264
distcorrgan,200,0.2,0.01744,0.01744,1.03816,1.01509,-0.05708,0.96464,-0.01333,0.99802,-0.01481
distcorrgan,200,0.4,-0.00181,-0.00181,1.00234,0.95969,-0.05697,0.93337,-0.0255,0.97022,-0.03313
distcorrgan,200,0.6,0.00203,0.00203,1.00791,0.97538,-0.03654,0.95912,-0.00681,0.9923,-0.02125
distcorrgan,200,0.8,0.0089,0.0089,1.02263,1.0043,0.00698,1.01811,-0.01632,0.98051,0.00178
distcorrgan,200,1.0,-0.03377,-0.03377,0.9425,0.96045,0.00072,1.01337,-0.0093,0.9902,-0.02774
distcorrgan,200,1.5,0.00864,0.00864,1.02245,0.99745,-0.02142,0.9799,-0.00557,0.99378,-0.00532
distcorrgan,200,2.0,-0.00365,-0.00365,0.9968,0.98504,0.00569,1.01897,-0.01316,0.9868,-0.01344
distcorrgan,200,5.0,0.02363,0.02363,1.05191,0.94467,-0.00544,1.02028,-0.03843,0.97559,-0.05403
distcorrgan,250,0.2,0.00772,0.00772,1.01847,0.83515,-0.14361,0.82529,-0.12394,0.86427,-0.14489
distcorrgan,250,0.4,0.02253,0.02253,1.04818,0.88762,-0.11914,0.83328,-0.07331,0.91666,-0.09152
distcorrgan,250,0.6,-0.0077,-0.0077,0.98595,0.91485,-0.04191,0.93732,-0.04296,0.94926,-0.06855
distcorrgan,250,0.8,-0.0126,-0.0126,0.98094,1.00637,0.02004,1.04015,-0.02534,0.97039,0.00294
distcorrgan,250,1.0,-0.01102,-0.01102,0.98427,0.98812,-0.0016,1.01192,-0.00642,0.99197,-0.01141
distcorrgan,250,1.5,0.04147,0.04147,1.0881,1.00573,-0.04598,0.94214,0.03347,1.0488,0.00343
distcorrgan,250,2.0,0.02392,0.02392,1.05093,0.99973,-0.02847,0.96778,0.02048,1.03803,-0.00283
distcorrgan,250,5.0,0.00897,0.00897,1.01915,1.16475,0.04783,1.19033,0.05906,1.15432,0.04752
distcorrgan,300,0.2,-0.04706,-0.04706,0.93059,1.69869,0.00197,1.7644,-0.012,1.35974,0.00342
distcorrgan,300,0.4,0.00038,0.00038,1.00729,1.09184,-0.05146,1.10164,-0.04581,0.9819,-0.03968
distcorrgan,300,0.6,-0.01219,-0.01219,0.98135,0.96171,-0.0342,0.9816,-0.05528,0.93619,-0.04055
distcorrgan,300,0.8,-0.00452,-0.00452,0.99879,1.2446,0.03718,1.32531,0.04451,1.08661,0.05145
distcorrgan,300,1.0,-0.01729,-0.01729,0.96798,1.10637,0.07111,1.16674,0.007,1.03178,0.03831
distcorrgan,300,1.5,-0.01577,-0.01577,0.97364,1.01055,0.02597,1.04478,-0.03317,0.95775,0.00511
distcorrgan,300,2.0,-0.02025,-0.02025,0.96766,1.23854,0.04432,1.2751,-0.02178,1.03076,0.02699
distcorrgan,300,5.0,-0.0399444,-0.0399444,0.92838889,1.03813333,0.04664444,1.12267778,-0.0361778,0.94144444,0.01797778
multifairgan,50,0.2,-0.01228,-0.01228,0.98089,1.02736,0.03029,1.065,0.00121,1.00922,0.01552
multifairgan,50,0.4,0.00696,0.00696,1.01451,0.94569,-0.06221,0.90835,0.00487,1.01045,-0.03689
multifairgan,50,0.6,0.02226,0.02226,1.05484,0.98208,-0.05507,0.92899,-0.00795,0.98976,-0.01253
multifairgan,50,0.8,0.00302,0.00302,1.01189,0.9664,-0.02315,0.97285,0.01237,1.02446,-0.02291
multifairgan,50,1.0,0.01692,0.01692,1.04343,1.05103,0.01667,1.05044,0.04237,1.07058,0.02838
multifairgan,50,1.5,-0.03178,-0.03178,0.94052,0.96026,-0.03308,0.95602,-0.01235,0.98426,-0.02662
multifairgan,50,2.0,0.00815,0.00815,1.0199,1.00012,-0.00136,1.00639,-0.00642,0.99694,-0.00057
multifairgan,50,5.0,-0.00425,-0.00425,0.99359,1.04978,0.03676,1.06192,0.00071,1.00374,0.02945
multifairgan,100,0.2,-0.00862,-0.00862,0.98937,1.00082,-0.02204,0.97503,-0.01745,0.97806,-0.00066
multifairgan,100,0.4,0.00843,0.00843,1.0316,1.012,0.03729,1.10025,0.00355,1.01798,0.00193
multifairgan,100,0.6,0.02083,0.02083,1.04495,0.9924,-0.01948,0.96951,0.02862,1.0537,-0.00502
multifairgan,100,0.8,0.01923,0.01923,1.04138,1.01545,-0.0016,1.00848,-0.0038,0.99561,0.00755
multifairgan,100,1.0,-0.00648,-0.00648,0.99105,0.96979,-0.01488,1.01507,-0.0103,0.99339,-0.02212
multifairgan,100,1.5,0.01924,0.01924,1.04489,1.042,-0.00379,1.01674,0.01712,1.02949,0.02069
multifairgan,100,2.0,-0.00876,-0.00876,0.98337,1.03474,0.03593,1.07098,0.01091,1.02784,0.0184
multifairgan,100,5.0,0.0021,0.0021,1.01284,0.93116,-0.07812,0.89172,-0.04216,0.93208,-0.04501
multifairgan,150,0.2,-0.0087,-0.0087,0.98455,0.99469,-0.01467,1.0082,-0.01524,0.9922,-0.01953
multifairgan,150,0.4,-0.00969,-0.00969,0.98482,0.96983,-0.02056,0.9659,-0.02654,0.95194,-0.02081
multifairgan,150,0.6,-0.00263,-0.00263,0.99831,0.99332,-0.02399,0.96912,-0.04041,0.9227,-0.00377
multifairgan,150,0.8,-0.00278,-0.00278,1.00144,0.94663,-0.03928,0.95487,0.01414,1.02987,-0.03641
multifairgan,150,1.0,0.01611,0.01611,1.03768,0.97119,-0.03508,0.97608,0.01979,1.04877,-0.02637
multifairgan,150,1.5,0.02377,0.02377,1.05352,1.00732,0.01519,1.04328,-0.00289,1.03011,0.00362
multifairgan,150,2.0,0.01288,0.01288,1.03222,0.99165,-0.05712,0.93682,0.00168,1.00706,-0.01261
multifairgan,150,5.0,-0.00169,-0.00169,0.99638,1.00888,0.00057,1.00021,-0.00757,0.99993,0.00465
multifairgan,200,0.2,0.03308,0.03308,1.07108,0.97371,-0.05327,0.93748,-0.00303,1.00719,-0.02385
multifairgan,200,0.4,0.00058,0.00058,1.00787,1.02038,0.03903,1.08215,-0.01879,0.98056,0.00909
multifairgan,200,0.6,-0.01671,-0.01671,0.97146,1.00877,0.00789,1.02885,-0.04885,0.93142,0.0057
multifairgan,200,0.8,-0.01762,-0.01762,0.97174,0.94351,-0.03065,0.9733,-0.06747,0.9104,-0.0417
multifairgan,200,1.0,-0.00748,-0.00748,0.98479,0.96943,-0.02603,0.96119,-0.08145,0.87564,-0.02418
multifairgan,200,1.5,-0.00616,-0.00616,0.99146,0.91615,-0.07135,0.89065,-0.0375,0.9496,-0.05347
multifairgan,200,2.0,-0.00214,-0.00214,0.99828,0.97022,-0.06325,0.92956,-0.03828,0.96205,-0.03275
multifairgan,200,5.0,-0.00763,-0.00763,0.99145,0.95017,-0.04514,0.93432,-0.03553,0.95213,-0.03113
multifairgan,250,0.2,-0.02064,-0.02064,0.96265,0.88912,-0.08511,0.87794,-0.10739,0.85069,-0.07594
multifairgan,250,0.4,-0.00074,-0.00074,1.0017,0.89975,-0.07915,0.88524,-0.08627,0.85851,-0.06279
multifairgan,250,0.6,0.01556,0.01556,1.02902,0.89071,-0.08722,0.86557,-0.0885,0.87964,-0.07553
multifairgan,250,0.8,-0.0181,-0.0181,0.96907,0.89548,-0.05819,0.92774,-0.10565,0.85385,-0.07331
multifairgan,250,1.0,-0.02836,-0.02836,0.96052,0.87841,-0.08844,0.88981,-0.13275,0.82813,-0.0841
multifairgan,250,1.5,0.00702,0.00702,1.01546,0.90807,-0.08224,0.88824,-0.05909,0.91747,-0.06457
multifairgan,250,2.0,-0.00364,-0.00364,0.99685,0.86548,-0.09754,0.86436,-0.09448,0.87215,-0.0926
multifairgan,250,5.0,0.01005,0.01005,1.02637,0.94213,-0.06071,0.91066,-0.07349,0.90447,-0.03798
multifairgan,300,0.2,0.02089,0.02089,1.03409,0.6917,-0.19583,0.65571,-0.16451,0.7972,-0.2266
multifairgan,300,0.4,-0.00727,-0.00727,0.99234,0.74507,-0.17107,0.73703,-0.17658,0.77357,-0.17568
multifairgan,300,0.6,0.02068,0.02068,1.03845,0.72928,-0.19623,0.69636,-0.15786,0.79566,-0.19266
multifairgan,300,0.8,0.02235,0.02235,1.03867,0.71609,-0.19574,0.68065,-0.17,0.78512,-0.20426
multifairgan,300,1.0,0.02051,0.02051,1.03496,0.73783,-0.17963,0.70848,-0.15016,0.8151,-0.19032
multifairgan,300,1.5,0.00786,0.00786,1.01384,0.75683,-0.16807,0.7373,-0.19161,0.76599,-0.18204
multifairgan,300,2.0,0.01159,0.01159,1.02148,0.7257,-0.18387,0.69426,-0.1761,0.78195,-0.20017
multifairgan,300,5.0,-0.00987,-0.00987,0.9875,0.66581,-0.19951,0.67559,-0.22481,0.71681,-0.23362
decaf,50,,-0.0689,-0.0689,0.8638,0.9901,0.1045,1.1425,-0.0174,0.9784,-0.0073
decaf,100,,-0.094,-0.094,0.8145,1.0863,0.2018,1.2923,-0.0329,0.9557,0.0604
decaf,150,,0.0042,0.0042,1.0044,0.9528,-0.0154,0.8667,-0.0032,0.9968,-0.0422
decaf,200,,-0.0631,-0.0631,0.9325,0.9729,0.0877,2.0,-0.0377,0.9611,-0.0198
decaf,250,,0.0651,0.0651,1.0755,0.9509,-0.149,0.4412,0.007,1.0072,-0.0463
decaf,300,,0.0695,0.0695,1.1025,1.0029,-0.125,0.8,-0.0014,0.9985,0.0028
tvae,50,,0.02955,0.02955,1.04389,0.87457,-0.06823,0.89322,-0.03836,0.96045,-0.11548
tvae,100,,0.05011,0.05011,1.05918,0.86927,-0.10096,0.6079,0.00086,1.00118,-0.10867
tvae,150,,0.06316,0.06316,1.07685,0.89942,-0.12889,0.54674,0.01579,1.01707,-0.08075
tvae,200,,0.02921,0.02921,1.03548,0.90686,-0.0797,0.69336,0.00605,1.00674,-0.07494
tvae,250,,0.0316,0.0316,1.03801,0.92185,-0.0773,0.73156,0.00583,1.0066,-0.06326
tvae,300,,0.0051,0.0051,1.0069,0.91692,-0.03516,0.92049,-0.00984,0.98987,-0.06727
ctgan,50,,0.02655,0.02655,1.05902,0.97095,-0.05048,0.9335,0.00183,1.01007,-0.02114
ctgan,100,,0.03482,0.03482,1.07186,0.91564,-0.09345,0.86958,-0.03153,0.96318,-0.05969
ctgan,150,,-0.00399,-0.00399,0.99789,0.9072,-0.07245,0.91805,-0.09028,0.89506,-0.07805
ctgan,200,,0.00355,0.00355,1.01392,0.9045,-0.04227,0.96127,-0.12497,0.84179,-0.07132
ctgan,250,,-0.02077,-0.02077,0.96618,0.75723,-0.16182,0.77776,-0.1884,0.76196,-0.18311
ctgan,300,,0.02098,0.02098,1.03315,0.67897,-0.18594,0.68051,-0.22699,0.73115,-0.24891
